nohup: ignoring input
device = cuda
[data] 插值后残余 NaN: target=0  forcing=0
[data] STRICT_ROOTZONE=True：根区目标已从 0-100cm 扣除为 5-100cm
[data] source=era5  陆地有效站点 N=27403  (占比 85.6%)
[data] target 范围 (m3/m3):  surf [0.007, 0.862]  root [0.019, 0.919]
[data] forcing[0] t2m      [231.37, 308.03] K
[data] forcing[1] wind_speed [0.22486, 14.611] m/s
[data] forcing[2] tp       [0, 252.4] mm/day 日累计
[data] forcing[3] Q        [8.1769e-05, 0.023007] kg/kg
[data] forcing[4] ssrd     [5.0366, 360.38] W/m2 下行短波
[data] forcing[5] strd     [94.716, 465.45] W/m2 下行长波
[data] static[0]  clay  [111.13, 379.96] g/kg
[data] static[1]  sand  [124.87, 702.42] g/kg
[data] static[2]  silt  [161.76, 663.74] g/kg
[data] split train : days [0, 731)  共 731 天
[data] split val   : days [731, 1096)  共 365 天
[data] split spinup: days [1096, 1461)  共 365 天
[data] split test  : days [1461, 1827)  共 366 天
epoch   0  K= 1  loss=3.26690e-02  v1=0.17208  v30=0.17834  (5.2s)
epoch   1  K= 1  loss=3.21967e-02  v1=0.18067  v30=0.16582  (1.3s)
epoch   2  K= 1  loss=3.21852e-02  v1=0.17098  v30=0.21421  (1.3s)
epoch   3  K= 1  loss=3.22001e-02  v1=0.17764  v30=0.17791  (1.3s)
epoch   4  K= 1  loss=3.22583e-02  v1=0.18291  v30=0.16769  (1.3s)
epoch   5  K= 1  loss=1.13770e-02  v1=0.01239  v30=0.01757  (1.3s)
epoch   6  K= 1  loss=1.64474e-04  v1=0.01345  v30=0.00901  (1.3s)
epoch   7  K= 1  loss=1.65092e-04  v1=0.01111  v30=0.01978  (1.3s)
epoch   8  K= 1  loss=1.65089e-04  v1=0.01093  v30=0.01326  (1.3s)
epoch   9  K= 1  loss=1.64233e-04  v1=0.01337  v30=0.04042  (1.3s)
epoch  10  K= 1  loss=1.66063e-04  v1=0.01251  v30=0.03757  (1.3s)
epoch  11  K= 1  loss=1.67448e-04  v1=0.01229  v30=0.03477  (1.3s)
epoch  12  K= 7  loss=2.87518e-03  v1=0.01388  v30=0.00373  (5.0s)
epoch  13  K= 7  loss=5.03898e-04  v1=0.01352  v30=0.00469  (5.0s)
epoch  14  K= 7  loss=4.99539e-04  v1=0.01203  v30=0.00570  (5.1s)
epoch  15  K= 7  loss=4.97394e-04  v1=0.01192  v30=0.00550  (5.0s)
epoch  16  K= 7  loss=4.95645e-04  v1=0.01325  v30=0.00747  (5.1s)
epoch  17  K= 7  loss=4.92062e-04  v1=0.01352  v30=0.00399  (4.9s)
epoch  18  K= 7  loss=4.92736e-04  v1=0.01283  v30=0.01358  (5.0s)
epoch  19  K= 7  loss=4.82123e-04  v1=0.01402  v30=0.00546  (5.1s)
epoch  20  K= 7  loss=4.82510e-04  v1=0.01265  v30=0.01782  (5.1s)
epoch  21  K= 7  loss=4.80043e-04  v1=0.01472  v30=0.00661  (5.0s)
epoch  22  K= 7  loss=4.78663e-04  v1=0.01333  v30=0.00551  (5.1s)
epoch  23  K= 7  loss=4.76603e-04  v1=0.01203  v30=0.01494  (5.0s)
epoch  24  K= 7  loss=4.76282e-04  v1=0.01364  v30=0.00586  (5.0s)
epoch  25  K= 7  loss=4.75490e-04  v1=0.01231  v30=0.00389  (5.2s)
epoch  26  K= 7  loss=4.73586e-04  v1=0.01246  v30=0.00727  (5.0s)
epoch  27  K= 7  loss=4.77299e-04  v1=0.01313  v30=0.00678  (4.9s)
epoch  28  K= 7  loss=4.74383e-04  v1=0.01423  v30=0.00511  (5.0s)
epoch  29  K= 7  loss=4.74712e-04  v1=0.01310  v30=0.01122  (5.0s)
epoch  30  K= 7  loss=4.74902e-04  v1=0.01371  v30=0.01020  (5.0s)
epoch  31  K= 7  loss=4.75100e-04  v1=0.01418  v30=0.00825  (5.2s)
epoch  32  K= 7  loss=4.72340e-04  v1=0.01238  v30=0.00736  (5.1s)
epoch  33  K= 7  loss=4.74288e-04  v1=0.01603  v30=0.00637  (5.1s)
epoch  34  K= 7  loss=4.74877e-04  v1=0.01358  v30=0.00926  (5.0s)
epoch  35  K= 7  loss=4.73142e-04  v1=0.01521  v30=0.01171  (5.1s)
epoch  36  K= 7  loss=4.70029e-04  v1=0.01338  v30=0.00436  (5.1s)
epoch  37  K= 7  loss=4.74188e-04  v1=0.01578  v30=0.00710  (5.2s)
epoch  38  K= 7  loss=4.73776e-04  v1=0.01370  v30=0.00551  (5.1s)
epoch  39  K= 7  loss=4.70424e-04  v1=0.01220  v30=0.00675  (5.1s)
epoch  40  K= 7  loss=4.73146e-04  v1=0.01546  v30=0.00934  (5.0s)
epoch  41  K= 7  loss=4.71909e-04  v1=0.01227  v30=0.00363  (5.0s)
epoch  42  K= 7  loss=4.72000e-04  v1=0.01324  v30=0.00940  (5.0s)
epoch  43  K= 7  loss=4.74509e-04  v1=0.01336  v30=0.00416  (5.1s)
epoch  44  K= 7  loss=4.70294e-04  v1=0.01462  v30=0.00636  (5.0s)
epoch  45  K= 7  loss=4.68378e-04  v1=0.01394  v30=0.01008  (4.9s)
epoch  46  K= 7  loss=4.70650e-04  v1=0.01197  v30=0.00884  (5.1s)
epoch  47  K= 7  loss=4.68171e-04  v1=0.01248  v30=0.00372  (5.1s)
epoch  48  K= 7  loss=4.71671e-04  v1=0.01155  v30=0.00676  (5.2s)
epoch  49  K= 7  loss=4.71597e-04  v1=0.01246  v30=0.00848  (5.1s)
epoch  50  K= 7  loss=4.68544e-04  v1=0.01076  v30=0.00902  (5.1s)
epoch  51  K= 7  loss=4.68883e-04  v1=0.01488  v30=0.00458  (5.0s)
epoch  52  K= 7  loss=4.68905e-04  v1=0.01506  v30=0.00365  (5.0s)
epoch  53  K= 7  loss=4.70935e-04  v1=0.01347  v30=0.00837  (5.0s)
epoch  54  K= 7  loss=4.66620e-04  v1=0.01160  v30=0.00837  (5.0s)
epoch  55  K= 7  loss=4.70530e-04  v1=0.01116  v30=0.00565  (5.0s)
epoch  56  K= 7  loss=4.66823e-04  v1=0.01421  v30=0.00422  (5.1s)
epoch  57  K= 7  loss=4.71522e-04  v1=0.01357  v30=0.00471  (5.0s)
epoch  58  K= 7  loss=4.66352e-04  v1=0.01344  v30=0.00453  (5.1s)
epoch  59  K= 7  loss=4.68508e-04  v1=0.01259  v30=0.00762  (5.1s)
epoch  60  K= 7  loss=4.68835e-04  v1=0.01292  v30=0.00608  (5.1s)
epoch  61  K= 7  loss=4.68079e-04  v1=0.01295  v30=0.00579  (5.0s)
epoch  62  K= 7  loss=4.69238e-04  v1=0.01500  v30=0.00285  (5.2s)
epoch  63  K= 7  loss=4.68574e-04  v1=0.01163  v30=0.00535  (5.0s)
epoch  64  K= 7  loss=4.66924e-04  v1=0.01484  v30=0.00608  (5.1s)
epoch  65  K= 7  loss=4.67955e-04  v1=0.01250  v30=0.00488  (5.0s)
epoch  66  K= 7  loss=4.67617e-04  v1=0.01219  v30=0.00374  (5.1s)
epoch  67  K= 7  loss=4.65668e-04  v1=0.01255  v30=0.00601  (4.9s)
epoch  68  K= 7  loss=4.67523e-04  v1=0.01658  v30=0.00831  (4.8s)
epoch  69  K= 7  loss=4.65905e-04  v1=0.01552  v30=0.00526  (5.1s)
epoch  70  K= 7  loss=4.68280e-04  v1=0.01228  v30=0.00563  (5.2s)
epoch  71  K= 7  loss=4.66662e-04  v1=0.01353  v30=0.00623  (4.8s)
epoch  72  K= 7  loss=4.68002e-04  v1=0.01336  v30=0.00349  (4.9s)
epoch  73  K= 7  loss=4.65023e-04  v1=0.01488  v30=0.00347  (5.1s)
epoch  74  K= 7  loss=4.65934e-04  v1=0.01490  v30=0.00390  (5.2s)
epoch  75  K= 7  loss=4.64786e-04  v1=0.01235  v30=0.01125  (5.1s)
epoch  76  K= 7  loss=4.65604e-04  v1=0.01279  v30=0.00746  (5.1s)
epoch  77  K= 7  loss=4.63546e-04  v1=0.01341  v30=0.00367  (5.2s)
epoch  78  K= 7  loss=4.66683e-04  v1=0.01410  v30=0.00361  (5.0s)
epoch  79  K= 7  loss=4.64423e-04  v1=0.01377  v30=0.00443  (5.0s)
epoch  80  K= 7  loss=4.66727e-04  v1=0.01083  v30=0.00419  (5.1s)
epoch  81  K= 7  loss=4.67563e-04  v1=0.01343  v30=0.00405  (5.1s)
epoch  82  K= 7  loss=4.66982e-04  v1=0.01238  v30=0.00546  (4.8s)
epoch  83  K= 7  loss=4.65941e-04  v1=0.01245  v30=0.00305  (5.1s)
epoch  84  K= 7  loss=4.65348e-04  v1=0.01032  v30=0.00975  (5.0s)
epoch  85  K= 7  loss=4.64630e-04  v1=0.01257  v30=0.00335  (5.1s)
epoch  86  K= 7  loss=4.66017e-04  v1=0.01265  v30=0.00482  (4.9s)
epoch  87  K= 7  loss=4.64536e-04  v1=0.01289  v30=0.00585  (5.1s)
epoch  88  K= 7  loss=4.66648e-04  v1=0.01322  v30=0.00383  (5.0s)
epoch  89  K= 7  loss=4.67134e-04  v1=0.01342  v30=0.00317  (5.2s)
epoch  90  K= 7  loss=4.65050e-04  v1=0.01275  v30=0.00470  (5.0s)
epoch  91  K= 7  loss=4.68354e-04  v1=0.01106  v30=0.00306  (5.1s)
epoch  92  K= 7  loss=4.65184e-04  v1=0.01129  v30=0.00506  (5.0s)
epoch  93  K= 7  loss=4.72424e-04  v1=0.01162  v30=0.00393  (5.2s)
epoch  94  K= 7  loss=4.65608e-04  v1=0.01268  v30=0.00420  (5.1s)
epoch  95  K= 7  loss=4.65921e-04  v1=0.01509  v30=0.00394  (5.0s)
epoch  96  K= 7  loss=4.64145e-04  v1=0.01367  v30=0.00494  (5.1s)
epoch  97  K= 7  loss=4.66228e-04  v1=0.01274  v30=0.00451  (5.2s)
epoch  98  K= 7  loss=4.65567e-04  v1=0.01463  v30=0.00486  (5.0s)
epoch  99  K= 7  loss=4.72492e-04  v1=0.01323  v30=0.00816  (5.1s)
epoch 100  K= 7  loss=4.64050e-04  v1=0.01367  v30=0.00685  (4.9s)
epoch 101  K= 7  loss=4.64747e-04  v1=0.01157  v30=0.00368  (4.9s)
epoch 102  K= 7  loss=4.66520e-04  v1=0.01188  v30=0.00438  (4.8s)
epoch 103  K= 7  loss=4.63314e-04  v1=0.01356  v30=0.01276  (5.0s)
epoch 104  K= 7  loss=4.65594e-04  v1=0.01262  v30=0.00362  (5.0s)
epoch 105  K= 7  loss=4.63550e-04  v1=0.01419  v30=0.00346  (5.0s)
epoch 106  K= 7  loss=4.65553e-04  v1=0.01361  v30=0.00494  (4.8s)
epoch 107  K= 7  loss=4.66044e-04  v1=0.01412  v30=0.00518  (4.8s)
epoch 108  K= 7  loss=4.64082e-04  v1=0.01604  v30=0.00682  (5.0s)
epoch 109  K= 7  loss=4.64655e-04  v1=0.01183  v30=0.00396  (5.0s)
epoch 110  K= 7  loss=4.66548e-04  v1=0.01135  v30=0.00562  (5.0s)
epoch 111  K= 7  loss=4.65753e-04  v1=0.01102  v30=0.00326  (4.8s)
epoch 112  K= 7  loss=4.86186e-04  v1=0.01205  v30=0.00537  (5.0s)
epoch 113  K= 7  loss=4.72582e-04  v1=0.01256  v30=0.01029  (5.1s)
epoch 114  K= 7  loss=4.69125e-04  v1=0.01191  v30=0.00468  (5.0s)
epoch 115  K= 7  loss=4.68555e-04  v1=0.01246  v30=0.00494  (5.0s)
epoch 116  K= 7  loss=4.65178e-04  v1=0.01174  v30=0.00477  (4.9s)
epoch 117  K= 7  loss=4.65788e-04  v1=0.01427  v30=0.00464  (4.9s)
epoch 118  K= 7  loss=4.62981e-04  v1=0.01378  v30=0.00379  (4.9s)
epoch 119  K= 7  loss=4.68654e-04  v1=0.01108  v30=0.00337  (4.9s)
epoch 120  K= 7  loss=4.68628e-04  v1=0.01013  v30=0.00521  (5.0s)
epoch 121  K= 7  loss=4.65606e-04  v1=0.01581  v30=0.00560  (5.0s)
epoch 122  K= 7  loss=4.64763e-04  v1=0.01153  v30=0.00380  (5.0s)
epoch 123  K= 7  loss=4.67388e-04  v1=0.01266  v30=0.00576  (5.2s)
epoch 124  K= 7  loss=4.66493e-04  v1=0.01440  v30=0.00420  (5.1s)
epoch 125  K= 7  loss=4.64984e-04  v1=0.01125  v30=0.00381  (5.1s)
epoch 126  K= 7  loss=4.65159e-04  v1=0.01224  v30=0.00537  (5.1s)
epoch 127  K= 7  loss=4.63605e-04  v1=0.01259  v30=0.00680  (4.9s)
epoch 128  K= 7  loss=4.64124e-04  v1=0.01188  v30=0.00423  (4.7s)
epoch 129  K= 7  loss=4.64117e-04  v1=0.01391  v30=0.00354  (4.7s)
epoch 130  K= 7  loss=4.68925e-04  v1=0.01180  v30=0.00384  (4.7s)
epoch 131  K= 7  loss=4.63257e-04  v1=0.01260  v30=0.00607  (4.8s)
epoch 132  K= 7  loss=4.66173e-04  v1=0.01410  v30=0.00390  (5.0s)
epoch 133  K= 7  loss=4.62200e-04  v1=0.01180  v30=0.00729  (5.1s)
epoch 134  K= 7  loss=4.62336e-04  v1=0.01276  v30=0.00404  (5.0s)
epoch 135  K= 7  loss=4.65312e-04  v1=0.01110  v30=0.00373  (5.0s)
epoch 136  K= 7  loss=4.66869e-04  v1=0.01541  v30=0.00406  (5.0s)
epoch 137  K= 7  loss=4.66582e-04  v1=0.01515  v30=0.00950  (5.0s)
epoch 138  K= 7  loss=4.65619e-04  v1=0.01201  v30=0.00438  (5.0s)
epoch 139  K= 7  loss=4.66169e-04  v1=0.01249  v30=0.00337  (5.1s)
epoch 140  K= 7  loss=4.64721e-04  v1=0.01140  v30=0.00353  (5.0s)
epoch 141  K= 7  loss=4.63218e-04  v1=0.01203  v30=0.00867  (5.2s)
epoch 142  K= 7  loss=4.63473e-04  v1=0.01370  v30=0.00359  (5.0s)
epoch 143  K= 7  loss=4.64507e-04  v1=0.01229  v30=0.00418  (5.2s)
epoch 144  K= 7  loss=4.65435e-04  v1=0.01181  v30=0.00498  (5.0s)
epoch 145  K= 7  loss=4.64339e-04  v1=0.01214  v30=0.00764  (5.5s)
epoch 146  K= 7  loss=4.64501e-04  v1=0.01250  v30=0.00563  (5.0s)
epoch 147  K= 7  loss=4.62571e-04  v1=0.01312  v30=0.00895  (5.1s)
epoch 148  K= 7  loss=4.64693e-04  v1=0.01324  v30=0.00366  (5.0s)
epoch 149  K= 7  loss=4.65772e-04  v1=0.01450  v30=0.00586  (4.9s)
epoch 150  K= 7  loss=4.63948e-04  v1=0.01536  v30=0.00426  (5.0s)
epoch 151  K= 7  loss=4.61932e-04  v1=0.01238  v30=0.01076  (5.1s)
epoch 152  K= 7  loss=4.62871e-04  v1=0.01560  v30=0.00359  (5.2s)
epoch 153  K= 7  loss=4.67117e-04  v1=0.01195  v30=0.00354  (5.0s)
epoch 154  K= 7  loss=4.64082e-04  v1=0.01119  v30=0.00360  (5.1s)
epoch 155  K= 7  loss=4.65007e-04  v1=0.01164  v30=0.00706  (5.3s)
epoch 156  K= 7  loss=4.65886e-04  v1=0.01440  v30=0.00538  (4.7s)
epoch 157  K= 7  loss=4.66923e-04  v1=0.01308  v30=0.00651  (4.7s)
epoch 158  K= 7  loss=4.63843e-04  v1=0.01406  v30=0.00627  (4.7s)
epoch 159  K= 7  loss=4.68749e-04  v1=0.01457  v30=0.00415  (4.9s)
epoch 160  K= 7  loss=4.67448e-04  v1=0.01322  v30=0.00996  (5.0s)
epoch 161  K= 7  loss=4.65361e-04  v1=0.01248  v30=0.00502  (5.1s)
epoch 162  K= 7  loss=4.64877e-04  v1=0.01250  v30=0.00402  (5.4s)
epoch 163  K= 7  loss=4.65045e-04  v1=0.01394  v30=0.00330  (5.0s)
epoch 164  K= 7  loss=4.61240e-04  v1=0.01334  v30=0.00426  (5.2s)
epoch 165  K= 7  loss=4.62893e-04  v1=0.01357  v30=0.00679  (5.0s)
epoch 166  K= 7  loss=4.65139e-04  v1=0.01216  v30=0.00349  (5.0s)
epoch 167  K= 7  loss=4.64884e-04  v1=0.01210  v30=0.00364  (5.1s)
epoch 168  K= 7  loss=4.64507e-04  v1=0.01318  v30=0.00307  (5.3s)
epoch 169  K= 7  loss=4.65120e-04  v1=0.01179  v30=0.00338  (5.1s)
epoch 170  K= 7  loss=4.64932e-04  v1=0.01211  v30=0.00389  (5.2s)
epoch 171  K= 7  loss=4.65014e-04  v1=0.01178  v30=0.01365  (5.1s)
epoch 172  K= 7  loss=4.64998e-04  v1=0.01511  v30=0.00413  (5.1s)
epoch 173  K= 7  loss=4.66023e-04  v1=0.01154  v30=0.00743  (4.9s)
epoch 174  K= 7  loss=4.66576e-04  v1=0.01308  v30=0.00441  (5.1s)
epoch 175  K= 7  loss=4.63458e-04  v1=0.01124  v30=0.00389  (5.1s)
epoch 176  K= 7  loss=4.63651e-04  v1=0.01187  v30=0.00400  (5.0s)
epoch 177  K= 7  loss=4.64069e-04  v1=0.01431  v30=0.00757  (5.0s)
epoch 178  K= 7  loss=4.66355e-04  v1=0.01550  v30=0.00586  (5.0s)
epoch 179  K= 7  loss=4.63377e-04  v1=0.01380  v30=0.00591  (5.2s)
epoch 180  K= 7  loss=4.64433e-04  v1=0.01159  v30=0.00845  (5.1s)
epoch 181  K= 7  loss=4.62479e-04  v1=0.01144  v30=0.00429  (5.0s)
epoch 182  K= 7  loss=4.65956e-04  v1=0.01433  v30=0.00336  (5.2s)
epoch 183  K= 7  loss=4.64775e-04  v1=0.01163  v30=0.01088  (5.0s)
epoch 184  K= 7  loss=4.63008e-04  v1=0.01410  v30=0.00417  (5.1s)
epoch 185  K= 7  loss=4.64306e-04  v1=0.01260  v30=0.00339  (5.0s)
epoch 186  K= 7  loss=4.65895e-04  v1=0.01374  v30=0.00505  (5.0s)
epoch 187  K= 7  loss=4.65599e-04  v1=0.01169  v30=0.00578  (5.1s)
epoch 188  K= 7  loss=4.64944e-04  v1=0.01407  v30=0.00554  (5.0s)
epoch 189  K= 7  loss=4.66260e-04  v1=0.01145  v30=0.00345  (5.0s)
epoch 190  K= 7  loss=4.66068e-04  v1=0.01360  v30=0.00547  (5.1s)
epoch 191  K= 7  loss=4.65751e-04  v1=0.01498  v30=0.00621  (5.1s)
epoch 192  K= 7  loss=4.64839e-04  v1=0.01174  v30=0.00768  (5.2s)
epoch 193  K= 7  loss=4.62768e-04  v1=0.01440  v30=0.00332  (5.3s)
epoch 194  K= 7  loss=4.66787e-04  v1=0.01278  v30=0.00534  (5.1s)
epoch 195  K= 7  loss=4.63589e-04  v1=0.01582  v30=0.00544  (5.0s)
epoch 196  K= 7  loss=4.67492e-04  v1=0.01371  v30=0.00374  (5.0s)
epoch 197  K= 7  loss=4.63389e-04  v1=0.01497  v30=0.00381  (5.0s)
epoch 198  K= 7  loss=4.66431e-04  v1=0.01348  v30=0.00814  (5.1s)
epoch 199  K= 7  loss=4.63170e-04  v1=0.01285  v30=0.00352  (4.9s)
epoch 200  K= 7  loss=4.63152e-04  v1=0.01447  v30=0.00460  (5.1s)
epoch 201  K= 7  loss=4.62814e-04  v1=0.01312  v30=0.00384  (5.2s)
epoch 202  K= 7  loss=4.66147e-04  v1=0.01493  v30=0.00769  (5.0s)
epoch 203  K= 7  loss=4.65351e-04  v1=0.01171  v30=0.00487  (5.1s)
epoch 204  K= 7  loss=4.66533e-04  v1=0.01290  v30=0.00717  (5.0s)
epoch 205  K= 7  loss=4.67682e-04  v1=0.00951  v30=0.00673  (5.1s)
epoch 206  K= 7  loss=4.64864e-04  v1=0.01464  v30=0.00460  (5.1s)
epoch 207  K= 7  loss=4.63587e-04  v1=0.01246  v30=0.00495  (5.3s)
epoch 208  K= 7  loss=4.68648e-04  v1=0.01365  v30=0.00392  (5.0s)
epoch 209  K= 7  loss=4.64433e-04  v1=0.01361  v30=0.00563  (5.0s)
epoch 210  K= 7  loss=4.65628e-04  v1=0.01098  v30=0.00467  (5.1s)
epoch 211  K= 7  loss=4.64703e-04  v1=0.01209  v30=0.00340  (5.1s)
epoch 212  K= 7  loss=4.65566e-04  v1=0.01313  v30=0.00597  (5.1s)
epoch 213  K= 7  loss=4.64733e-04  v1=0.01199  v30=0.00547  (5.1s)
epoch 214  K= 7  loss=4.65464e-04  v1=0.01261  v30=0.00366  (4.8s)
epoch 215  K= 7  loss=4.63167e-04  v1=0.01385  v30=0.00437  (4.8s)
epoch 216  K= 7  loss=4.64497e-04  v1=0.01395  v30=0.00356  (4.9s)
epoch 217  K= 7  loss=4.65885e-04  v1=0.01463  v30=0.00518  (5.1s)
epoch 218  K= 7  loss=4.64789e-04  v1=0.01401  v30=0.00692  (5.1s)
epoch 219  K= 7  loss=4.65402e-04  v1=0.01251  v30=0.00373  (5.0s)
epoch 220  K= 7  loss=4.65489e-04  v1=0.01751  v30=0.00418  (5.1s)
epoch 221  K= 7  loss=4.62739e-04  v1=0.01338  v30=0.00744  (5.1s)
epoch 222  K= 7  loss=4.67156e-04  v1=0.01083  v30=0.00452  (5.1s)
epoch 223  K= 7  loss=4.64904e-04  v1=0.01273  v30=0.00471  (5.2s)
epoch 224  K= 7  loss=4.65064e-04  v1=0.01287  v30=0.00315  (5.0s)
epoch 225  K= 7  loss=4.63054e-04  v1=0.01447  v30=0.00498  (5.0s)
epoch 226  K= 7  loss=4.63644e-04  v1=0.01113  v30=0.01114  (5.0s)
epoch 227  K= 7  loss=4.67044e-04  v1=0.01290  v30=0.00492  (5.0s)
epoch 228  K= 7  loss=4.63416e-04  v1=0.01453  v30=0.00385  (5.1s)
epoch 229  K= 7  loss=4.62969e-04  v1=0.01321  v30=0.00342  (5.1s)
epoch 230  K= 7  loss=4.65497e-04  v1=0.01497  v30=0.00353  (5.0s)
epoch 231  K= 7  loss=4.63946e-04  v1=0.01542  v30=0.00518  (4.9s)
epoch 232  K= 7  loss=4.63883e-04  v1=0.01271  v30=0.00405  (5.1s)
epoch 233  K= 7  loss=4.65387e-04  v1=0.01387  v30=0.00376  (5.0s)
epoch 234  K= 7  loss=4.62403e-04  v1=0.01486  v30=0.00994  (5.0s)
epoch 235  K= 7  loss=4.65271e-04  v1=0.01348  v30=0.00472  (5.0s)
epoch 236  K= 7  loss=4.65094e-04  v1=0.01206  v30=0.01539  (5.1s)
epoch 237  K= 7  loss=4.61573e-04  v1=0.00958  v30=0.00696  (4.9s)
epoch 238  K= 7  loss=4.63729e-04  v1=0.01375  v30=0.00627  (5.1s)
epoch 239  K= 7  loss=4.66672e-04  v1=0.01054  v30=0.00467  (5.0s)
epoch 240  K= 7  loss=4.67555e-04  v1=0.01270  v30=0.00404  (5.1s)
epoch 241  K= 7  loss=4.62073e-04  v1=0.01398  v30=0.00332  (5.0s)
epoch 242  K= 7  loss=4.62563e-04  v1=0.01218  v30=0.00385  (5.0s)
epoch 243  K= 7  loss=4.64769e-04  v1=0.01306  v30=0.00495  (5.2s)
epoch 244  K= 7  loss=4.62858e-04  v1=0.01453  v30=0.00407  (5.2s)
epoch 245  K= 7  loss=4.65522e-04  v1=0.01592  v30=0.00608  (5.1s)
epoch 246  K= 7  loss=4.65011e-04  v1=0.01070  v30=0.00941  (5.0s)
epoch 247  K= 7  loss=4.65410e-04  v1=0.01475  v30=0.00696  (4.9s)
epoch 248  K= 7  loss=4.63666e-04  v1=0.01252  v30=0.00400  (5.0s)
epoch 249  K= 7  loss=4.63940e-04  v1=0.01231  v30=0.00402  (5.0s)
epoch 250  K= 7  loss=4.63695e-04  v1=0.01537  v30=0.00330  (5.0s)
epoch 251  K= 7  loss=4.61443e-04  v1=0.01352  v30=0.00876  (5.1s)
epoch 252  K= 7  loss=4.63425e-04  v1=0.01538  v30=0.00412  (5.1s)
epoch 253  K= 7  loss=4.65458e-04  v1=0.01299  v30=0.00428  (5.1s)
epoch 254  K= 7  loss=4.64139e-04  v1=0.01251  v30=0.00545  (5.3s)
epoch 255  K= 7  loss=4.61921e-04  v1=0.01239  v30=0.00859  (5.1s)
epoch 256  K= 7  loss=4.63922e-04  v1=0.01413  v30=0.00336  (5.0s)
epoch 257  K= 7  loss=4.62365e-04  v1=0.01381  v30=0.00348  (5.0s)
epoch 258  K= 7  loss=4.64428e-04  v1=0.01180  v30=0.00508  (5.2s)
epoch 259  K= 7  loss=4.64891e-04  v1=0.01324  v30=0.00706  (5.0s)
epoch 260  K= 7  loss=4.64297e-04  v1=0.01195  v30=0.00627  (5.1s)
epoch 261  K= 7  loss=4.64800e-04  v1=0.01286  v30=0.00334  (5.1s)
epoch 262  K= 7  loss=4.65598e-04  v1=0.01319  v30=0.00437  (5.1s)
epoch 263  K= 7  loss=4.65744e-04  v1=0.01185  v30=0.00429  (5.0s)
epoch 264  K= 7  loss=4.62411e-04  v1=0.01372  v30=0.00562  (5.0s)
epoch 265  K= 7  loss=4.63849e-04  v1=0.01209  v30=0.00422  (5.0s)
epoch 266  K= 7  loss=4.65027e-04  v1=0.01194  v30=0.00472  (4.9s)
epoch 267  K= 7  loss=4.62426e-04  v1=0.01128  v30=0.00410  (5.0s)
epoch 268  K= 7  loss=4.65188e-04  v1=0.01165  v30=0.00451  (5.0s)
epoch 269  K= 7  loss=4.64812e-04  v1=0.01435  v30=0.00802  (5.0s)
epoch 270  K= 7  loss=4.64776e-04  v1=0.01096  v30=0.00452  (5.0s)
epoch 271  K= 7  loss=4.64120e-04  v1=0.01130  v30=0.00631  (5.1s)
epoch 272  K= 7  loss=4.63932e-04  v1=0.01158  v30=0.00734  (4.9s)
epoch 273  K= 7  loss=4.64710e-04  v1=0.01142  v30=0.00863  (5.0s)
epoch 274  K= 7  loss=4.63987e-04  v1=0.01440  v30=0.00466  (5.0s)
epoch 275  K= 7  loss=4.65387e-04  v1=0.01231  v30=0.00333  (5.2s)
epoch 276  K= 7  loss=4.62155e-04  v1=0.01437  v30=0.00908  (4.9s)
epoch 277  K= 7  loss=4.62896e-04  v1=0.01565  v30=0.00532  (4.9s)
epoch 278  K= 7  loss=4.64278e-04  v1=0.01415  v30=0.00544  (5.2s)
epoch 279  K= 7  loss=4.65013e-04  v1=0.01227  v30=0.00361  (5.1s)
epoch 280  K= 7  loss=4.64901e-04  v1=0.01145  v30=0.00588  (4.8s)
epoch 281  K= 7  loss=4.63042e-04  v1=0.00978  v30=0.00426  (5.1s)
epoch 282  K= 7  loss=4.63237e-04  v1=0.01543  v30=0.00382  (5.2s)
epoch 283  K= 7  loss=4.66012e-04  v1=0.01487  v30=0.00420  (5.0s)
epoch 284  K= 7  loss=4.66818e-04  v1=0.01287  v30=0.00458  (5.0s)
epoch 285  K= 7  loss=4.64879e-04  v1=0.01172  v30=0.00693  (5.0s)
epoch 286  K= 7  loss=4.65077e-04  v1=0.01390  v30=0.00632  (5.0s)
epoch 287  K= 7  loss=4.63107e-04  v1=0.01407  v30=0.00521  (5.0s)
epoch 288  K= 7  loss=4.64758e-04  v1=0.01664  v30=0.00427  (5.1s)
epoch 289  K= 7  loss=4.64413e-04  v1=0.01325  v30=0.00564  (5.0s)
epoch 290  K= 7  loss=4.62306e-04  v1=0.01037  v30=0.00563  (5.0s)
epoch 291  K= 7  loss=4.64230e-04  v1=0.01502  v30=0.00323  (5.0s)
epoch 292  K= 7  loss=4.62161e-04  v1=0.01219  v30=0.00439  (5.0s)
epoch 293  K= 7  loss=4.65543e-04  v1=0.01189  v30=0.00681  (5.1s)
epoch 294  K= 7  loss=4.62212e-04  v1=0.01488  v30=0.00318  (5.0s)
epoch 295  K= 7  loss=4.64205e-04  v1=0.01502  v30=0.00487  (5.1s)
epoch 296  K= 7  loss=4.64472e-04  v1=0.01410  v30=0.00415  (5.1s)
epoch 297  K= 7  loss=4.64481e-04  v1=0.00974  v30=0.01342  (5.0s)
epoch 298  K= 7  loss=4.65308e-04  v1=0.01411  v30=0.00575  (4.9s)
epoch 299  K= 7  loss=4.66921e-04  v1=0.01238  v30=0.00404  (4.9s)
epoch 300  K= 7  loss=4.64421e-04  v1=0.01500  v30=0.00604  (5.1s)
epoch 301  K= 7  loss=4.62792e-04  v1=0.01261  v30=0.00715  (5.1s)
epoch 302  K= 7  loss=4.63675e-04  v1=0.01380  v30=0.00306  (5.1s)
epoch 303  K= 7  loss=4.62517e-04  v1=0.01421  v30=0.00397  (5.0s)
epoch 304  K= 7  loss=4.62995e-04  v1=0.01054  v30=0.00390  (5.2s)
epoch 305  K= 7  loss=4.63331e-04  v1=0.01290  v30=0.00353  (5.0s)
epoch 306  K= 7  loss=4.65843e-04  v1=0.01361  v30=0.00332  (5.0s)
epoch 307  K= 7  loss=4.63947e-04  v1=0.01280  v30=0.00433  (4.8s)
epoch 308  K= 7  loss=4.63007e-04  v1=0.01028  v30=0.00355  (4.9s)
epoch 309  K= 7  loss=4.63563e-04  v1=0.01186  v30=0.00688  (4.9s)
epoch 310  K= 7  loss=4.63105e-04  v1=0.01270  v30=0.00572  (5.0s)
epoch 311  K= 7  loss=4.65247e-04  v1=0.01145  v30=0.00555  (5.0s)
epoch 312  K= 7  loss=4.64500e-04  v1=0.01284  v30=0.00741  (4.9s)
epoch 313  K= 7  loss=4.63660e-04  v1=0.01225  v30=0.00471  (5.4s)
epoch 314  K= 7  loss=4.64904e-04  v1=0.01419  v30=0.00851  (5.3s)
epoch 315  K= 7  loss=4.63329e-04  v1=0.01350  v30=0.00829  (5.1s)
epoch 316  K= 7  loss=4.64720e-04  v1=0.01293  v30=0.00462  (5.0s)
epoch 317  K= 7  loss=4.65724e-04  v1=0.01262  v30=0.00576  (5.0s)
epoch 318  K= 7  loss=4.61149e-04  v1=0.01523  v30=0.00408  (5.1s)
epoch 319  K= 7  loss=4.64607e-04  v1=0.01166  v30=0.01316  (5.1s)
epoch 320  K= 7  loss=4.62494e-04  v1=0.01374  v30=0.00476  (5.0s)
epoch 321  K= 7  loss=4.63272e-04  v1=0.01485  v30=0.00436  (5.0s)
epoch 322  K= 7  loss=4.61043e-04  v1=0.01248  v30=0.00861  (5.2s)
epoch 323  K= 7  loss=4.65528e-04  v1=0.01347  v30=0.00484  (5.2s)
epoch 324  K= 7  loss=4.62606e-04  v1=0.01198  v30=0.00456  (4.8s)
epoch 325  K= 7  loss=4.64875e-04  v1=0.01221  v30=0.00436  (5.0s)
epoch 326  K= 7  loss=4.64552e-04  v1=0.01127  v30=0.00525  (5.1s)
epoch 327  K= 7  loss=4.64118e-04  v1=0.01494  v30=0.00445  (5.1s)
epoch 328  K= 7  loss=4.65818e-04  v1=0.01298  v30=0.00532  (5.0s)
epoch 329  K= 7  loss=4.62819e-04  v1=0.01241  v30=0.00394  (4.9s)
epoch 330  K= 7  loss=4.60858e-04  v1=0.01165  v30=0.00521  (5.1s)
epoch 331  K= 7  loss=4.62872e-04  v1=0.01207  v30=0.00748  (5.1s)
epoch 332  K= 7  loss=4.65194e-04  v1=0.01613  v30=0.01019  (5.1s)
epoch 333  K= 7  loss=4.64671e-04  v1=0.01512  v30=0.00646  (5.0s)
epoch 334  K= 7  loss=4.59752e-04  v1=0.01468  v30=0.00385  (5.0s)
epoch 335  K= 7  loss=4.62974e-04  v1=0.01300  v30=0.00436  (5.2s)
epoch 336  K= 7  loss=4.60649e-04  v1=0.01192  v30=0.00353  (5.0s)
epoch 337  K= 7  loss=4.65031e-04  v1=0.01116  v30=0.00412  (5.0s)
epoch 338  K= 7  loss=4.65357e-04  v1=0.01298  v30=0.00489  (5.0s)
epoch 339  K= 7  loss=4.63495e-04  v1=0.01151  v30=0.00384  (5.0s)
epoch 340  K= 7  loss=4.62567e-04  v1=0.01700  v30=0.00732  (5.0s)
epoch 341  K= 7  loss=4.63831e-04  v1=0.01372  v30=0.00295  (5.1s)
epoch 342  K= 7  loss=4.63499e-04  v1=0.01249  v30=0.00552  (4.7s)
epoch 343  K= 7  loss=4.64997e-04  v1=0.01260  v30=0.00509  (4.7s)
epoch 344  K= 7  loss=4.63642e-04  v1=0.01230  v30=0.00402  (5.0s)
epoch 345  K= 7  loss=4.64309e-04  v1=0.01414  v30=0.00799  (5.1s)
epoch 346  K= 7  loss=4.60977e-04  v1=0.01275  v30=0.00687  (5.2s)
epoch 347  K= 7  loss=4.63633e-04  v1=0.01551  v30=0.00314  (5.2s)
epoch 348  K= 7  loss=4.62700e-04  v1=0.01331  v30=0.01504  (5.0s)
epoch 349  K= 7  loss=4.63241e-04  v1=0.00998  v30=0.00923  (5.1s)
epoch 350  K= 7  loss=4.63105e-04  v1=0.01737  v30=0.00332  (5.0s)
epoch 351  K= 7  loss=4.65339e-04  v1=0.01548  v30=0.00302  (5.1s)
epoch 352  K= 7  loss=4.62726e-04  v1=0.01033  v30=0.00405  (5.0s)
epoch 353  K= 7  loss=4.64845e-04  v1=0.01174  v30=0.00816  (5.0s)
epoch 354  K= 7  loss=4.64225e-04  v1=0.01305  v30=0.00530  (5.0s)
epoch 355  K= 7  loss=4.62140e-04  v1=0.01590  v30=0.00791  (5.1s)
epoch 356  K= 7  loss=4.61212e-04  v1=0.01439  v30=0.00344  (5.0s)
epoch 357  K= 7  loss=4.64916e-04  v1=0.01293  v30=0.00368  (5.0s)
epoch 358  K= 7  loss=4.60784e-04  v1=0.01369  v30=0.00475  (5.0s)
epoch 359  K= 7  loss=4.64130e-04  v1=0.01572  v30=0.00732  (5.1s)
epoch 360  K= 7  loss=4.61040e-04  v1=0.01392  v30=0.00505  (5.0s)
epoch 361  K= 7  loss=4.64226e-04  v1=0.01385  v30=0.00740  (5.0s)
epoch 362  K= 7  loss=4.63041e-04  v1=0.01448  v30=0.00920  (5.0s)
epoch 363  K= 7  loss=4.61736e-04  v1=0.01344  v30=0.00640  (5.0s)
epoch 364  K= 7  loss=4.63345e-04  v1=0.01159  v30=0.00459  (4.9s)
epoch 365  K= 7  loss=4.63517e-04  v1=0.01177  v30=0.00361  (5.1s)
epoch 366  K= 7  loss=4.63383e-04  v1=0.01332  v30=0.00532  (5.1s)
epoch 367  K= 7  loss=4.61060e-04  v1=0.01177  v30=0.00507  (5.0s)
epoch 368  K= 7  loss=4.64683e-04  v1=0.01606  v30=0.00379  (5.1s)
epoch 369  K= 7  loss=4.66390e-04  v1=0.01130  v30=0.00459  (5.0s)
epoch 370  K= 7  loss=4.65189e-04  v1=0.01334  v30=0.00434  (5.0s)
epoch 371  K= 7  loss=4.62527e-04  v1=0.01245  v30=0.02372  (5.1s)
epoch 372  K= 7  loss=4.66632e-04  v1=0.01379  v30=0.00346  (5.1s)
epoch 373  K= 7  loss=4.64097e-04  v1=0.01340  v30=0.00450  (5.0s)
epoch 374  K= 7  loss=4.65156e-04  v1=0.01421  v30=0.00345  (5.0s)
epoch 375  K= 7  loss=4.65302e-04  v1=0.01295  v30=0.00675  (5.2s)
epoch 376  K= 7  loss=4.64663e-04  v1=0.01364  v30=0.00477  (5.2s)
epoch 377  K= 7  loss=4.62775e-04  v1=0.01460  v30=0.00438  (5.0s)
epoch 378  K= 7  loss=4.61241e-04  v1=0.01468  v30=0.00403  (5.0s)
epoch 379  K= 7  loss=4.60367e-04  v1=0.01388  v30=0.00366  (5.1s)
epoch 380  K= 7  loss=4.62570e-04  v1=0.01283  v30=0.00426  (5.0s)
epoch 381  K= 7  loss=4.61898e-04  v1=0.01417  v30=0.00589  (5.3s)
epoch 382  K= 7  loss=4.64610e-04  v1=0.01338  v30=0.00444  (5.0s)
epoch 383  K= 7  loss=4.63288e-04  v1=0.01498  v30=0.00409  (5.0s)
epoch 384  K= 7  loss=4.62039e-04  v1=0.01485  v30=0.00344  (4.8s)
epoch 385  K= 7  loss=4.60107e-04  v1=0.01200  v30=0.00824  (5.0s)
epoch 386  K= 7  loss=4.61926e-04  v1=0.01332  v30=0.00327  (5.3s)
epoch 387  K= 7  loss=4.64537e-04  v1=0.01433  v30=0.00337  (5.3s)
epoch 388  K= 7  loss=4.59739e-04  v1=0.01219  v30=0.00452  (5.1s)
epoch 389  K= 7  loss=4.61916e-04  v1=0.01494  v30=0.00832  (4.8s)
epoch 390  K= 7  loss=4.60711e-04  v1=0.01249  v30=0.00496  (5.0s)
epoch 391  K= 7  loss=4.64532e-04  v1=0.01147  v30=0.00378  (5.0s)
epoch 392  K= 7  loss=4.61439e-04  v1=0.01276  v30=0.00724  (5.1s)
epoch 393  K= 7  loss=4.60435e-04  v1=0.01429  v30=0.00896  (5.0s)
epoch 394  K= 7  loss=4.61637e-04  v1=0.01405  v30=0.00579  (5.1s)
epoch 395  K= 7  loss=4.62429e-04  v1=0.01571  v30=0.00568  (5.1s)
epoch 396  K= 7  loss=4.62409e-04  v1=0.01755  v30=0.00385  (5.0s)
epoch 397  K= 7  loss=4.59042e-04  v1=0.01092  v30=0.00458  (5.1s)
epoch 398  K= 7  loss=4.61416e-04  v1=0.01377  v30=0.00496  (5.0s)
epoch 399  K= 7  loss=4.59983e-04  v1=0.01313  v30=0.00343  (5.2s)
epoch 400  K= 7  loss=4.61660e-04  v1=0.01329  v30=0.00344  (5.1s)
epoch 401  K= 7  loss=4.60445e-04  v1=0.01241  v30=0.00527  (5.0s)
epoch 402  K= 7  loss=4.61757e-04  v1=0.01150  v30=0.00370  (5.0s)
epoch 403  K= 7  loss=4.61822e-04  v1=0.01258  v30=0.00355  (5.1s)
epoch 404  K= 7  loss=4.63369e-04  v1=0.01297  v30=0.00377  (5.0s)
epoch 405  K= 7  loss=4.62775e-04  v1=0.01366  v30=0.00807  (5.0s)
epoch 406  K= 7  loss=4.62729e-04  v1=0.01246  v30=0.00604  (5.0s)
epoch 407  K= 7  loss=4.59791e-04  v1=0.01512  v30=0.00502  (5.1s)
epoch 408  K= 7  loss=4.61254e-04  v1=0.01193  v30=0.00335  (5.0s)
epoch 409  K= 7  loss=4.61943e-04  v1=0.01696  v30=0.00346  (4.9s)
epoch 410  K= 7  loss=4.62947e-04  v1=0.01281  v30=0.00341  (5.1s)
epoch 411  K= 7  loss=4.58321e-04  v1=0.01185  v30=0.00601  (5.2s)
epoch 412  K= 7  loss=4.61204e-04  v1=0.01352  v30=0.00681  (5.1s)
epoch 413  K= 7  loss=4.61074e-04  v1=0.01295  v30=0.00369  (5.0s)
epoch 414  K= 7  loss=4.62135e-04  v1=0.01496  v30=0.00730  (4.9s)
epoch 415  K= 7  loss=4.60251e-04  v1=0.01310  v30=0.00383  (5.0s)
epoch 416  K= 7  loss=4.61635e-04  v1=0.01361  v30=0.00458  (4.9s)
epoch 417  K= 7  loss=4.63543e-04  v1=0.01254  v30=0.00926  (5.0s)
epoch 418  K= 7  loss=4.60510e-04  v1=0.01179  v30=0.00382  (5.1s)
epoch 419  K= 7  loss=4.60000e-04  v1=0.01352  v30=0.00402  (5.0s)
epoch 420  K= 7  loss=4.61614e-04  v1=0.01067  v30=0.00393  (5.0s)
epoch 421  K= 7  loss=4.61319e-04  v1=0.01614  v30=0.00529  (5.1s)
epoch 422  K= 7  loss=4.62146e-04  v1=0.01532  v30=0.00519  (5.1s)
epoch 423  K= 7  loss=4.58773e-04  v1=0.01314  v30=0.00307  (5.0s)
epoch 424  K= 7  loss=4.62980e-04  v1=0.01706  v30=0.00390  (5.1s)
epoch 425  K= 7  loss=4.58558e-04  v1=0.01346  v30=0.00434  (5.0s)
epoch 426  K= 7  loss=4.61413e-04  v1=0.01190  v30=0.00300  (5.1s)
epoch 427  K= 7  loss=4.58584e-04  v1=0.01220  v30=0.00409  (5.2s)
epoch 428  K= 7  loss=4.60851e-04  v1=0.01224  v30=0.00654  (5.0s)
epoch 429  K= 7  loss=4.62083e-04  v1=0.01279  v30=0.00451  (5.2s)
epoch 430  K= 7  loss=4.62311e-04  v1=0.01176  v30=0.00852  (5.2s)
epoch 431  K= 7  loss=4.60869e-04  v1=0.01379  v30=0.00410  (5.0s)
epoch 432  K= 7  loss=4.59875e-04  v1=0.01246  v30=0.00381  (5.0s)
epoch 433  K= 7  loss=4.59335e-04  v1=0.01512  v30=0.00443  (5.0s)
epoch 434  K= 7  loss=4.60476e-04  v1=0.01364  v30=0.00513  (5.1s)
epoch 435  K= 7  loss=4.61653e-04  v1=0.01314  v30=0.00670  (5.0s)
epoch 436  K= 7  loss=4.61081e-04  v1=0.01225  v30=0.00689  (5.2s)
epoch 437  K= 7  loss=4.58747e-04  v1=0.01456  v30=0.00450  (5.0s)
epoch 438  K= 7  loss=4.63087e-04  v1=0.01585  v30=0.00412  (5.0s)
epoch 439  K= 7  loss=4.61486e-04  v1=0.01290  v30=0.00399  (5.0s)
epoch 440  K= 7  loss=4.61200e-04  v1=0.01245  v30=0.00432  (5.0s)
epoch 441  K= 7  loss=4.60564e-04  v1=0.01389  v30=0.00442  (5.0s)
epoch 442  K= 7  loss=4.62043e-04  v1=0.01301  v30=0.00590  (5.1s)
epoch 443  K= 7  loss=4.58625e-04  v1=0.01286  v30=0.00482  (5.1s)
epoch 444  K= 7  loss=4.60265e-04  v1=0.01131  v30=0.00502  (5.1s)
epoch 445  K= 7  loss=4.62279e-04  v1=0.01570  v30=0.00557  (5.1s)
epoch 446  K= 7  loss=4.61175e-04  v1=0.01069  v30=0.00448  (5.0s)
epoch 447  K= 7  loss=4.59618e-04  v1=0.01363  v30=0.00428  (5.1s)
epoch 448  K= 7  loss=4.63019e-04  v1=0.01289  v30=0.00471  (5.1s)
epoch 449  K= 7  loss=4.58912e-04  v1=0.01373  v30=0.00350  (5.1s)
epoch 450  K= 7  loss=4.60835e-04  v1=0.01221  v30=0.00591  (5.1s)
epoch 451  K= 7  loss=4.57565e-04  v1=0.01338  v30=0.00358  (4.9s)
epoch 452  K= 7  loss=4.60761e-04  v1=0.01087  v30=0.00390  (5.0s)
epoch 453  K= 7  loss=4.63193e-04  v1=0.01143  v30=0.01036  (5.0s)
epoch 454  K= 7  loss=4.61111e-04  v1=0.01242  v30=0.00384  (5.0s)
epoch 455  K= 7  loss=4.58590e-04  v1=0.01446  v30=0.00349  (5.0s)
epoch 456  K= 7  loss=4.60633e-04  v1=0.01301  v30=0.00537  (5.1s)
epoch 457  K= 7  loss=4.60146e-04  v1=0.01178  v30=0.00481  (5.1s)
epoch 458  K= 7  loss=4.59915e-04  v1=0.01351  v30=0.00350  (5.2s)
epoch 459  K= 7  loss=4.60258e-04  v1=0.01269  v30=0.00337  (5.0s)
epoch 460  K= 7  loss=4.60462e-04  v1=0.01329  v30=0.00362  (5.0s)
epoch 461  K= 7  loss=4.59723e-04  v1=0.01567  v30=0.00489  (5.0s)
epoch 462  K= 7  loss=4.61227e-04  v1=0.01151  v30=0.00370  (5.0s)
epoch 463  K= 7  loss=4.61705e-04  v1=0.01230  v30=0.00339  (4.9s)
epoch 464  K= 7  loss=4.63005e-04  v1=0.01584  v30=0.00336  (4.7s)
epoch 465  K= 7  loss=4.63714e-04  v1=0.01308  v30=0.00338  (4.9s)
epoch 466  K= 7  loss=4.58451e-04  v1=0.01178  v30=0.00417  (5.1s)
epoch 467  K= 7  loss=4.60450e-04  v1=0.01312  v30=0.00375  (5.0s)
epoch 468  K= 7  loss=4.60406e-04  v1=0.01176  v30=0.00431  (5.1s)
epoch 469  K= 7  loss=4.63244e-04  v1=0.01441  v30=0.00408  (5.5s)
epoch 470  K= 7  loss=4.60985e-04  v1=0.01461  v30=0.00562  (5.0s)
epoch 471  K= 7  loss=4.63154e-04  v1=0.01144  v30=0.00335  (5.0s)
epoch 472  K= 7  loss=4.58808e-04  v1=0.01367  v30=0.00348  (5.0s)
epoch 473  K= 7  loss=4.63344e-04  v1=0.01173  v30=0.00343  (5.0s)
epoch 474  K= 7  loss=4.62108e-04  v1=0.01187  v30=0.00393  (5.0s)
epoch 475  K= 7  loss=4.60839e-04  v1=0.01355  v30=0.01021  (5.1s)
epoch 476  K= 7  loss=4.63422e-04  v1=0.01213  v30=0.00447  (5.1s)
epoch 477  K= 7  loss=4.62264e-04  v1=0.01384  v30=0.00711  (5.2s)
epoch 478  K= 7  loss=4.61235e-04  v1=0.01243  v30=0.00405  (5.1s)
epoch 479  K= 7  loss=4.61458e-04  v1=0.01264  v30=0.00527  (5.2s)
epoch 480  K= 7  loss=4.58867e-04  v1=0.01295  v30=0.00329  (5.3s)
epoch 481  K= 7  loss=4.58700e-04  v1=0.01552  v30=0.00350  (5.1s)
epoch 482  K= 7  loss=4.61354e-04  v1=0.01202  v30=0.00580  (5.2s)
epoch 483  K= 7  loss=4.59621e-04  v1=0.01212  v30=0.00362  (5.0s)
epoch 484  K= 7  loss=4.61042e-04  v1=0.01248  v30=0.00463  (5.2s)
epoch 485  K= 7  loss=4.60908e-04  v1=0.01453  v30=0.00377  (5.0s)
epoch 486  K= 7  loss=4.62170e-04  v1=0.01410  v30=0.00349  (5.0s)
epoch 487  K= 7  loss=4.61022e-04  v1=0.01663  v30=0.00412  (5.0s)
epoch 488  K= 7  loss=4.61994e-04  v1=0.01081  v30=0.00661  (5.2s)
epoch 489  K= 7  loss=4.62585e-04  v1=0.01405  v30=0.00424  (4.9s)
epoch 490  K= 7  loss=4.60482e-04  v1=0.01422  v30=0.00452  (5.0s)
epoch 491  K= 7  loss=4.59863e-04  v1=0.01245  v30=0.00445  (4.7s)
epoch 492  K= 7  loss=4.61559e-04  v1=0.01475  v30=0.00543  (4.7s)
epoch 493  K= 7  loss=4.60110e-04  v1=0.01239  v30=0.00319  (5.0s)
epoch 494  K= 7  loss=4.58740e-04  v1=0.01122  v30=0.00540  (5.2s)
epoch 495  K= 7  loss=4.60831e-04  v1=0.01249  v30=0.00394  (5.0s)
epoch 496  K= 7  loss=4.60588e-04  v1=0.01339  v30=0.00365  (5.0s)
epoch 497  K= 7  loss=4.59640e-04  v1=0.01592  v30=0.00351  (5.1s)
epoch 498  K= 7  loss=4.59758e-04  v1=0.01154  v30=0.00464  (5.1s)
epoch 499  K= 7  loss=4.60265e-04  v1=0.01059  v30=0.00369  (4.9s)
epoch 500  K= 7  loss=4.62585e-04  v1=0.01183  v30=0.00339  (5.1s)
epoch 501  K= 7  loss=4.57751e-04  v1=0.01143  v30=0.00355  (5.1s)
epoch 502  K= 7  loss=4.59876e-04  v1=0.01116  v30=0.00464  (5.2s)
epoch 503  K= 7  loss=4.59988e-04  v1=0.01051  v30=0.00471  (5.0s)
epoch 504  K= 7  loss=4.60858e-04  v1=0.01592  v30=0.00784  (4.8s)
epoch 505  K= 7  loss=4.59270e-04  v1=0.01211  v30=0.00450  (4.8s)
epoch 506  K= 7  loss=4.62519e-04  v1=0.01252  v30=0.00325  (5.0s)
epoch 507  K= 7  loss=4.59041e-04  v1=0.01145  v30=0.00418  (5.1s)
epoch 508  K= 7  loss=4.58523e-04  v1=0.01209  v30=0.00801  (5.0s)
epoch 509  K= 7  loss=4.60089e-04  v1=0.02327  v30=0.00308  (5.1s)
epoch 510  K= 7  loss=4.57622e-04  v1=0.01064  v30=0.00523  (5.1s)
epoch 511  K= 7  loss=4.62465e-04  v1=0.01431  v30=0.00389  (5.1s)
epoch 512  K= 7  loss=4.62740e-04  v1=0.01510  v30=0.00434  (5.1s)
epoch 513  K= 7  loss=4.60482e-04  v1=0.01209  v30=0.00331  (5.1s)
epoch 514  K= 7  loss=4.63035e-04  v1=0.01303  v30=0.00611  (5.0s)
epoch 515  K= 7  loss=4.61278e-04  v1=0.01541  v30=0.00534  (5.0s)
epoch 516  K= 7  loss=4.59899e-04  v1=0.01137  v30=0.00390  (5.0s)
epoch 517  K= 7  loss=4.60321e-04  v1=0.01189  v30=0.00498  (5.0s)
epoch 518  K= 7  loss=4.62469e-04  v1=0.01473  v30=0.00639  (5.0s)
epoch 519  K= 7  loss=4.56939e-04  v1=0.01197  v30=0.00383  (5.0s)
epoch 520  K= 7  loss=4.60771e-04  v1=0.01215  v30=0.00358  (5.0s)
epoch 521  K= 7  loss=4.60312e-04  v1=0.01252  v30=0.00383  (4.9s)
epoch 522  K= 7  loss=4.60259e-04  v1=0.01115  v30=0.00405  (4.9s)
epoch 523  K= 7  loss=4.63170e-04  v1=0.01356  v30=0.00361  (4.9s)
epoch 524  K= 7  loss=4.59142e-04  v1=0.01194  v30=0.00737  (4.8s)
epoch 525  K= 7  loss=4.59806e-04  v1=0.01694  v30=0.00413  (4.7s)
epoch 526  K= 7  loss=4.60118e-04  v1=0.01368  v30=0.00524  (5.0s)
epoch 527  K= 7  loss=4.61197e-04  v1=0.01269  v30=0.00501  (5.1s)
epoch 528  K= 7  loss=4.62952e-04  v1=0.01292  v30=0.00461  (5.0s)
epoch 529  K= 7  loss=4.58553e-04  v1=0.01205  v30=0.00425  (5.1s)
epoch 530  K= 7  loss=4.60120e-04  v1=0.01609  v30=0.00363  (5.4s)
epoch 531  K= 7  loss=4.59853e-04  v1=0.01235  v30=0.00416  (5.3s)
epoch 532  K= 7  loss=4.59650e-04  v1=0.01166  v30=0.00431  (5.0s)
epoch 533  K= 7  loss=4.61774e-04  v1=0.01496  v30=0.00542  (5.1s)
epoch 534  K= 7  loss=4.62313e-04  v1=0.01354  v30=0.00641  (4.9s)
epoch 535  K= 7  loss=4.60136e-04  v1=0.01480  v30=0.00535  (4.8s)
epoch 536  K= 7  loss=4.59085e-04  v1=0.01197  v30=0.00454  (5.0s)
epoch 537  K= 7  loss=4.60042e-04  v1=0.01843  v30=0.00353  (5.2s)
epoch 538  K= 7  loss=4.59584e-04  v1=0.01469  v30=0.00510  (5.0s)
epoch 539  K= 7  loss=4.58551e-04  v1=0.01227  v30=0.00364  (4.8s)
epoch 540  K= 7  loss=4.59749e-04  v1=0.01370  v30=0.00680  (5.2s)
epoch 541  K= 7  loss=4.60182e-04  v1=0.00934  v30=0.00686  (5.0s)
epoch 542  K= 7  loss=4.61037e-04  v1=0.01375  v30=0.00364  (5.1s)
epoch 543  K= 7  loss=4.61008e-04  v1=0.01280  v30=0.00323  (5.0s)
epoch 544  K= 7  loss=4.61165e-04  v1=0.01162  v30=0.00413  (5.3s)
epoch 545  K= 7  loss=4.61960e-04  v1=0.01248  v30=0.00354  (4.9s)
epoch 546  K= 7  loss=4.63871e-04  v1=0.01493  v30=0.00546  (4.9s)
epoch 547  K= 7  loss=4.59849e-04  v1=0.01274  v30=0.01134  (4.8s)
epoch 548  K= 7  loss=4.61977e-04  v1=0.01316  v30=0.00412  (5.0s)
epoch 549  K= 7  loss=4.58748e-04  v1=0.01132  v30=0.00987  (4.8s)
epoch 550  K= 7  loss=4.60183e-04  v1=0.01312  v30=0.00432  (4.8s)
epoch 551  K= 7  loss=4.61232e-04  v1=0.01371  v30=0.00713  (4.8s)
epoch 552  K= 7  loss=4.58665e-04  v1=0.01126  v30=0.00480  (5.0s)
epoch 553  K= 7  loss=4.60945e-04  v1=0.01253  v30=0.00351  (5.1s)
epoch 554  K= 7  loss=4.60223e-04  v1=0.01531  v30=0.00463  (5.0s)
epoch 555  K= 7  loss=4.60049e-04  v1=0.01294  v30=0.00421  (5.1s)
epoch 556  K= 7  loss=4.61525e-04  v1=0.01284  v30=0.00518  (5.3s)
epoch 557  K= 7  loss=4.58667e-04  v1=0.01403  v30=0.00520  (5.0s)
epoch 558  K= 7  loss=4.61584e-04  v1=0.01135  v30=0.00545  (5.0s)
epoch 559  K= 7  loss=4.62442e-04  v1=0.01766  v30=0.00398  (5.1s)
epoch 560  K= 7  loss=4.61625e-04  v1=0.01055  v30=0.00538  (5.1s)
epoch 561  K= 7  loss=4.60089e-04  v1=0.01511  v30=0.00370  (5.0s)
epoch 562  K= 7  loss=4.60391e-04  v1=0.01255  v30=0.00995  (5.0s)
epoch 563  K= 7  loss=4.60456e-04  v1=0.01343  v30=0.00444  (5.0s)
epoch 564  K= 7  loss=4.61781e-04  v1=0.01254  v30=0.00534  (5.2s)
epoch 565  K= 7  loss=4.62135e-04  v1=0.01425  v30=0.00977  (5.0s)
epoch 566  K= 7  loss=4.59535e-04  v1=0.01252  v30=0.00350  (5.0s)
epoch 567  K= 7  loss=4.60491e-04  v1=0.01368  v30=0.00601  (5.2s)
epoch 568  K= 7  loss=4.62357e-04  v1=0.01252  v30=0.00377  (5.0s)
epoch 569  K= 7  loss=4.62011e-04  v1=0.01610  v30=0.00554  (5.1s)
epoch 570  K= 7  loss=4.62180e-04  v1=0.01344  v30=0.00313  (5.0s)
epoch 571  K= 7  loss=4.60906e-04  v1=0.01332  v30=0.00433  (5.0s)
epoch 572  K= 7  loss=4.62491e-04  v1=0.01774  v30=0.00619  (5.2s)
epoch 573  K= 7  loss=4.59361e-04  v1=0.01358  v30=0.00982  (5.1s)
epoch 574  K= 7  loss=4.60786e-04  v1=0.01421  v30=0.00716  (5.0s)
epoch 575  K= 7  loss=4.61871e-04  v1=0.01248  v30=0.00389  (5.0s)
epoch 576  K= 7  loss=4.60194e-04  v1=0.01369  v30=0.00392  (5.1s)
epoch 577  K= 7  loss=4.60405e-04  v1=0.01437  v30=0.00491  (4.9s)
epoch 578  K= 7  loss=4.59871e-04  v1=0.01250  v30=0.00402  (4.7s)
epoch 579  K= 7  loss=4.59630e-04  v1=0.01139  v30=0.00559  (5.0s)
epoch 580  K= 7  loss=4.59164e-04  v1=0.01230  v30=0.00434  (5.0s)
epoch 581  K= 7  loss=4.60598e-04  v1=0.01391  v30=0.00385  (5.0s)
epoch 582  K= 7  loss=4.60318e-04  v1=0.01316  v30=0.00677  (5.0s)
epoch 583  K= 7  loss=4.63332e-04  v1=0.01467  v30=0.00733  (5.1s)
epoch 584  K= 7  loss=4.62050e-04  v1=0.01296  v30=0.00410  (5.0s)
epoch 585  K= 7  loss=4.62516e-04  v1=0.01310  v30=0.00477  (5.1s)
epoch 586  K= 7  loss=4.58916e-04  v1=0.01442  v30=0.00575  (5.0s)
epoch 587  K= 7  loss=4.60129e-04  v1=0.01428  v30=0.00542  (5.2s)
epoch 588  K= 7  loss=4.59463e-04  v1=0.01368  v30=0.00404  (5.1s)
epoch 589  K= 7  loss=4.57840e-04  v1=0.01614  v30=0.00712  (5.0s)
epoch 590  K= 7  loss=4.61506e-04  v1=0.01520  v30=0.00454  (4.8s)
epoch 591  K= 7  loss=4.62669e-04  v1=0.01416  v30=0.00480  (4.8s)
epoch 592  K= 7  loss=4.62338e-04  v1=0.01122  v30=0.00334  (5.2s)
epoch 593  K= 7  loss=4.62073e-04  v1=0.01273  v30=0.00472  (5.0s)
epoch 594  K= 7  loss=4.61255e-04  v1=0.01253  v30=0.00385  (5.0s)
epoch 595  K= 7  loss=4.60868e-04  v1=0.01485  v30=0.00462  (5.1s)
epoch 596  K= 7  loss=4.60779e-04  v1=0.01390  v30=0.00509  (5.0s)
epoch 597  K= 7  loss=4.59140e-04  v1=0.01497  v30=0.00496  (5.1s)
epoch 598  K= 7  loss=4.60578e-04  v1=0.01306  v30=0.00767  (5.4s)
epoch 599  K= 7  loss=4.61480e-04  v1=0.01426  v30=0.00437  (5.0s)
epoch 600  K= 7  loss=4.60650e-04  v1=0.01268  v30=0.00353  (5.0s)
epoch 601  K= 7  loss=4.57772e-04  v1=0.01267  v30=0.00475  (5.0s)
epoch 602  K= 7  loss=4.60471e-04  v1=0.01051  v30=0.00809  (5.0s)
epoch 603  K= 7  loss=4.60442e-04  v1=0.01172  v30=0.00477  (5.0s)
epoch 604  K= 7  loss=4.61738e-04  v1=0.01317  v30=0.00392  (5.1s)
epoch 605  K= 7  loss=4.61238e-04  v1=0.01293  v30=0.00413  (4.7s)
epoch 606  K= 7  loss=4.61332e-04  v1=0.01145  v30=0.00526  (5.0s)
epoch 607  K= 7  loss=4.62053e-04  v1=0.01493  v30=0.00339  (5.0s)
epoch 608  K= 7  loss=4.59552e-04  v1=0.01208  v30=0.00547  (5.0s)
epoch 609  K= 7  loss=4.58666e-04  v1=0.01139  v30=0.00349  (5.0s)
epoch 610  K= 7  loss=4.60720e-04  v1=0.01075  v30=0.00438  (5.0s)
epoch 611  K= 7  loss=4.61879e-04  v1=0.01243  v30=0.00473  (5.3s)
epoch 612  K= 7  loss=4.60107e-04  v1=0.01331  v30=0.00344  (5.2s)
epoch 613  K= 7  loss=4.57737e-04  v1=0.01190  v30=0.00335  (5.0s)
epoch 614  K= 7  loss=4.60472e-04  v1=0.01205  v30=0.00360  (5.0s)
epoch 615  K= 7  loss=4.60229e-04  v1=0.01183  v30=0.00388  (5.1s)
epoch 616  K= 7  loss=4.63616e-04  v1=0.01274  v30=0.00769  (5.1s)
epoch 617  K= 7  loss=4.60123e-04  v1=0.01410  v30=0.00618  (5.1s)
epoch 618  K= 7  loss=4.60046e-04  v1=0.01518  v30=0.00463  (4.9s)
epoch 619  K= 7  loss=4.62065e-04  v1=0.01195  v30=0.00406  (5.1s)
epoch 620  K= 7  loss=4.60850e-04  v1=0.01091  v30=0.00632  (5.1s)
epoch 621  K= 7  loss=4.60321e-04  v1=0.01320  v30=0.01878  (5.0s)
epoch 622  K= 7  loss=4.59696e-04  v1=0.01377  v30=0.00366  (5.2s)
epoch 623  K= 7  loss=4.61314e-04  v1=0.01295  v30=0.00409  (4.9s)
epoch 624  K= 7  loss=4.59455e-04  v1=0.01228  v30=0.00471  (5.0s)
epoch 625  K= 7  loss=4.60263e-04  v1=0.01256  v30=0.00394  (5.0s)
epoch 626  K= 7  loss=4.59897e-04  v1=0.01183  v30=0.00365  (5.0s)
epoch 627  K= 7  loss=4.60435e-04  v1=0.01195  v30=0.01062  (5.1s)
epoch 628  K= 7  loss=4.60623e-04  v1=0.01266  v30=0.00402  (4.9s)
epoch 629  K= 7  loss=4.60804e-04  v1=0.01030  v30=0.00344  (5.3s)
epoch 630  K= 7  loss=4.60855e-04  v1=0.01250  v30=0.01025  (5.0s)
epoch 631  K= 7  loss=4.63603e-04  v1=0.01477  v30=0.00346  (5.0s)
epoch 632  K= 7  loss=4.59145e-04  v1=0.01260  v30=0.00382  (5.0s)
epoch 633  K= 7  loss=4.59230e-04  v1=0.01211  v30=0.00329  (5.0s)
epoch 634  K= 7  loss=4.60035e-04  v1=0.01276  v30=0.00434  (5.0s)
epoch 635  K= 7  loss=4.59616e-04  v1=0.01360  v30=0.00719  (5.1s)
epoch 636  K= 7  loss=4.60022e-04  v1=0.01046  v30=0.00474  (5.3s)
epoch 637  K= 7  loss=4.61497e-04  v1=0.01367  v30=0.00337  (5.1s)
epoch 638  K= 7  loss=4.60608e-04  v1=0.01102  v30=0.00717  (5.2s)
epoch 639  K= 7  loss=4.62062e-04  v1=0.01295  v30=0.00901  (5.0s)
epoch 640  K= 7  loss=4.59952e-04  v1=0.01160  v30=0.00297  (5.0s)
epoch 641  K= 7  loss=4.58980e-04  v1=0.01320  v30=0.00542  (5.0s)
epoch 642  K= 7  loss=4.61501e-04  v1=0.01047  v30=0.00717  (4.9s)
epoch 643  K= 7  loss=4.59544e-04  v1=0.01157  v30=0.00388  (5.1s)
epoch 644  K= 7  loss=4.60566e-04  v1=0.01185  v30=0.00477  (5.0s)
epoch 645  K= 7  loss=4.60941e-04  v1=0.01103  v30=0.00554  (5.0s)
epoch 646  K= 7  loss=4.63750e-04  v1=0.01407  v30=0.00455  (5.0s)
epoch 647  K= 7  loss=4.60088e-04  v1=0.01323  v30=0.00506  (5.1s)
epoch 648  K= 7  loss=4.60250e-04  v1=0.01333  v30=0.00422  (5.1s)
epoch 649  K= 7  loss=4.59631e-04  v1=0.01242  v30=0.00378  (5.0s)
epoch 650  K= 7  loss=4.62007e-04  v1=0.01202  v30=0.00360  (4.9s)
epoch 651  K= 7  loss=4.61396e-04  v1=0.01305  v30=0.00498  (5.0s)
epoch 652  K= 7  loss=4.63029e-04  v1=0.01353  v30=0.00411  (5.1s)
epoch 653  K= 7  loss=4.60411e-04  v1=0.01256  v30=0.00344  (5.0s)
epoch 654  K= 7  loss=4.59786e-04  v1=0.01403  v30=0.00696  (5.1s)
epoch 655  K= 7  loss=4.60742e-04  v1=0.01100  v30=0.00468  (5.0s)
epoch 656  K= 7  loss=4.61342e-04  v1=0.01558  v30=0.00527  (5.0s)
epoch 657  K= 7  loss=4.59727e-04  v1=0.01458  v30=0.00376  (5.2s)
epoch 658  K= 7  loss=4.60402e-04  v1=0.01212  v30=0.00386  (5.1s)
epoch 659  K= 7  loss=4.59196e-04  v1=0.01081  v30=0.00419  (5.0s)
epoch 660  K= 7  loss=4.60665e-04  v1=0.01589  v30=0.00403  (5.1s)
epoch 661  K= 7  loss=4.59315e-04  v1=0.01507  v30=0.00774  (5.0s)
epoch 662  K= 7  loss=4.60032e-04  v1=0.01316  v30=0.00369  (5.0s)
epoch 663  K= 7  loss=4.60275e-04  v1=0.01268  v30=0.00360  (5.0s)
epoch 664  K= 7  loss=4.60829e-04  v1=0.01158  v30=0.00644  (5.0s)
epoch 665  K= 7  loss=4.61303e-04  v1=0.01362  v30=0.00366  (5.1s)
epoch 666  K= 7  loss=4.61034e-04  v1=0.01133  v30=0.00781  (5.0s)
epoch 667  K= 7  loss=4.62644e-04  v1=0.01319  v30=0.01262  (5.2s)
epoch 668  K= 7  loss=4.61084e-04  v1=0.01064  v30=0.00580  (4.9s)
epoch 669  K= 7  loss=4.61236e-04  v1=0.01531  v30=0.00431  (5.1s)
epoch 670  K= 7  loss=4.62812e-04  v1=0.01322  v30=0.00420  (4.9s)
epoch 671  K= 7  loss=4.58644e-04  v1=0.01520  v30=0.00480  (5.1s)
epoch 672  K= 7  loss=4.63665e-04  v1=0.01124  v30=0.00415  (5.4s)
epoch 673  K= 7  loss=4.61359e-04  v1=0.01382  v30=0.00429  (5.0s)
epoch 674  K= 7  loss=4.60808e-04  v1=0.01140  v30=0.00563  (5.1s)
epoch 675  K= 7  loss=4.61612e-04  v1=0.01195  v30=0.00316  (5.0s)
epoch 676  K= 7  loss=4.60171e-04  v1=0.01086  v30=0.00383  (4.9s)
epoch 677  K= 7  loss=4.61838e-04  v1=0.01414  v30=0.00572  (5.0s)
epoch 678  K= 7  loss=4.61261e-04  v1=0.01263  v30=0.00364  (5.1s)
epoch 679  K= 7  loss=4.60971e-04  v1=0.01435  v30=0.00359  (5.2s)
epoch 680  K= 7  loss=4.62806e-04  v1=0.01261  v30=0.00343  (5.0s)
epoch 681  K= 7  loss=4.61363e-04  v1=0.01284  v30=0.00381  (5.0s)
epoch 682  K= 7  loss=4.61407e-04  v1=0.01322  v30=0.00495  (4.9s)
epoch 683  K= 7  loss=4.60423e-04  v1=0.01325  v30=0.00484  (4.7s)
epoch 684  K= 7  loss=4.61866e-04  v1=0.01270  v30=0.00325  (4.7s)
epoch 685  K= 7  loss=4.60652e-04  v1=0.01382  v30=0.01083  (5.0s)
epoch 686  K= 7  loss=4.61063e-04  v1=0.01400  v30=0.00346  (5.1s)
epoch 687  K= 7  loss=4.60357e-04  v1=0.01377  v30=0.00391  (5.0s)
epoch 688  K= 7  loss=4.60761e-04  v1=0.01391  v30=0.00509  (5.0s)
epoch 689  K= 7  loss=4.61068e-04  v1=0.01314  v30=0.00311  (5.0s)
epoch 690  K= 7  loss=4.59508e-04  v1=0.01225  v30=0.00345  (5.1s)
epoch 691  K= 7  loss=4.59998e-04  v1=0.01151  v30=0.00452  (5.0s)
epoch 692  K= 7  loss=4.61403e-04  v1=0.01109  v30=0.00360  (5.0s)
epoch 693  K= 7  loss=4.60516e-04  v1=0.01334  v30=0.00397  (5.1s)
epoch 694  K= 7  loss=4.63283e-04  v1=0.01282  v30=0.00469  (5.1s)
epoch 695  K= 7  loss=4.60973e-04  v1=0.01484  v30=0.00414  (5.2s)
epoch 696  K= 7  loss=4.59283e-04  v1=0.00824  v30=0.00465  (5.0s)
epoch 697  K= 7  loss=4.56728e-04  v1=0.01109  v30=0.00312  (5.1s)
epoch 698  K= 7  loss=4.62141e-04  v1=0.01401  v30=0.00309  (5.0s)
epoch 699  K= 7  loss=4.58520e-04  v1=0.01494  v30=0.00332  (5.1s)
epoch 700  K= 7  loss=4.60539e-04  v1=0.01400  v30=0.00484  (4.7s)
epoch 701  K= 7  loss=4.60828e-04  v1=0.01198  v30=0.00372  (4.9s)
epoch 702  K= 7  loss=4.60970e-04  v1=0.01381  v30=0.00353  (5.0s)
epoch 703  K= 7  loss=4.61747e-04  v1=0.01144  v30=0.00412  (5.0s)
epoch 704  K= 7  loss=4.61400e-04  v1=0.01458  v30=0.00385  (4.7s)
epoch 705  K= 7  loss=4.59782e-04  v1=0.01357  v30=0.00440  (5.2s)
epoch 706  K= 7  loss=4.59803e-04  v1=0.01529  v30=0.00356  (5.1s)
epoch 707  K= 7  loss=4.62033e-04  v1=0.01270  v30=0.00422  (5.1s)
epoch 708  K= 7  loss=4.59767e-04  v1=0.01364  v30=0.00376  (5.0s)
epoch 709  K= 7  loss=4.62323e-04  v1=0.01275  v30=0.00373  (5.2s)
epoch 710  K= 7  loss=4.61488e-04  v1=0.01771  v30=0.00581  (5.1s)
epoch 711  K= 7  loss=4.61924e-04  v1=0.01602  v30=0.00325  (5.1s)
epoch 712  K= 7  loss=4.63154e-04  v1=0.01371  v30=0.00336  (5.1s)
epoch 713  K= 7  loss=4.60371e-04  v1=0.01116  v30=0.00372  (5.1s)
epoch 714  K= 7  loss=4.60727e-04  v1=0.01469  v30=0.00502  (5.2s)
epoch 715  K= 7  loss=4.62603e-04  v1=0.01226  v30=0.00437  (5.1s)
epoch 716  K= 7  loss=4.62540e-04  v1=0.01505  v30=0.00422  (5.1s)
epoch 717  K= 7  loss=4.60084e-04  v1=0.01424  v30=0.00367  (5.1s)
epoch 718  K= 7  loss=4.60275e-04  v1=0.01254  v30=0.00346  (5.0s)
epoch 719  K= 7  loss=4.60251e-04  v1=0.01391  v30=0.00449  (5.0s)
epoch 720  K= 7  loss=4.61979e-04  v1=0.01369  v30=0.00330  (5.0s)
epoch 721  K= 7  loss=4.62107e-04  v1=0.01259  v30=0.00687  (5.0s)
epoch 722  K= 7  loss=4.59761e-04  v1=0.01490  v30=0.00385  (5.2s)
epoch 723  K= 7  loss=4.58804e-04  v1=0.01300  v30=0.00316  (5.1s)
epoch 724  K= 7  loss=4.60503e-04  v1=0.01320  v30=0.00416  (5.1s)
epoch 725  K= 7  loss=4.59458e-04  v1=0.01353  v30=0.00429  (5.0s)
epoch 726  K= 7  loss=4.57942e-04  v1=0.01047  v30=0.00644  (4.9s)
epoch 727  K= 7  loss=4.60840e-04  v1=0.01019  v30=0.00358  (5.0s)
epoch 728  K= 7  loss=4.59754e-04  v1=0.01192  v30=0.00443  (5.1s)
epoch 729  K= 7  loss=4.62609e-04  v1=0.01197  v30=0.00444  (4.7s)
epoch 730  K= 7  loss=4.61074e-04  v1=0.01235  v30=0.00402  (4.7s)
epoch 731  K= 7  loss=4.60865e-04  v1=0.01345  v30=0.00457  (4.7s)
epoch 732  K= 7  loss=4.61099e-04  v1=0.01406  v30=0.00377  (4.9s)
epoch 733  K= 7  loss=4.59420e-04  v1=0.01225  v30=0.00348  (5.0s)
epoch 734  K= 7  loss=4.60054e-04  v1=0.01438  v30=0.00479  (5.1s)
epoch 735  K= 7  loss=4.61308e-04  v1=0.01169  v30=0.00409  (5.0s)
epoch 736  K= 7  loss=4.62438e-04  v1=0.01380  v30=0.00337  (5.1s)
epoch 737  K= 7  loss=4.59107e-04  v1=0.01307  v30=0.00554  (5.1s)
epoch 738  K= 7  loss=4.59959e-04  v1=0.01338  v30=0.00311  (5.1s)
epoch 739  K= 7  loss=4.61575e-04  v1=0.01348  v30=0.00383  (5.1s)
epoch 740  K= 7  loss=4.62984e-04  v1=0.01140  v30=0.00444  (5.0s)
epoch 741  K= 7  loss=4.60032e-04  v1=0.01159  v30=0.00386  (4.8s)
epoch 742  K= 7  loss=4.60674e-04  v1=0.01257  v30=0.00389  (5.0s)
epoch 743  K= 7  loss=4.61211e-04  v1=0.01421  v30=0.00393  (5.0s)
epoch 744  K= 7  loss=4.61930e-04  v1=0.01210  v30=0.00490  (5.0s)
epoch 745  K= 7  loss=4.60429e-04  v1=0.01110  v30=0.00414  (5.1s)
epoch 746  K= 7  loss=4.62112e-04  v1=0.01141  v30=0.00408  (5.2s)
epoch 747  K= 7  loss=4.60967e-04  v1=0.01258  v30=0.00340  (5.0s)
epoch 748  K= 7  loss=4.61248e-04  v1=0.01407  v30=0.00406  (5.0s)
epoch 749  K= 7  loss=4.61430e-04  v1=0.01368  v30=0.00578  (4.9s)
epoch 750  K= 7  loss=4.61968e-04  v1=0.01338  v30=0.00585  (5.0s)
epoch 751  K= 7  loss=4.59997e-04  v1=0.01235  v30=0.00457  (4.9s)
epoch 752  K= 7  loss=4.61657e-04  v1=0.01109  v30=0.00490  (5.0s)
epoch 753  K= 7  loss=4.61223e-04  v1=0.01046  v30=0.00643  (5.0s)
epoch 754  K= 7  loss=4.61037e-04  v1=0.01373  v30=0.00763  (5.0s)
epoch 755  K= 7  loss=4.61122e-04  v1=0.01350  v30=0.00504  (5.0s)
epoch 756  K= 7  loss=4.61202e-04  v1=0.01293  v30=0.00333  (5.0s)
epoch 757  K= 7  loss=4.62540e-04  v1=0.01171  v30=0.00485  (5.0s)
epoch 758  K= 7  loss=4.59151e-04  v1=0.01348  v30=0.00841  (5.0s)
epoch 759  K= 7  loss=4.58592e-04  v1=0.01180  v30=0.00517  (5.0s)
epoch 760  K= 7  loss=4.57943e-04  v1=0.01663  v30=0.00445  (5.2s)
epoch 761  K= 7  loss=4.60170e-04  v1=0.01341  v30=0.00654  (5.0s)
epoch 762  K= 7  loss=4.59199e-04  v1=0.01270  v30=0.00435  (5.1s)
epoch 763  K= 7  loss=4.59364e-04  v1=0.01538  v30=0.00439  (5.0s)
epoch 764  K= 7  loss=4.60288e-04  v1=0.01249  v30=0.00331  (5.0s)
epoch 765  K= 7  loss=4.61743e-04  v1=0.01191  v30=0.00509  (5.1s)
epoch 766  K= 7  loss=4.59635e-04  v1=0.01142  v30=0.00777  (5.0s)
epoch 767  K= 7  loss=4.58310e-04  v1=0.01346  v30=0.00374  (5.0s)
epoch 768  K= 7  loss=4.59144e-04  v1=0.01433  v30=0.00511  (4.9s)
epoch 769  K= 7  loss=4.61600e-04  v1=0.01533  v30=0.00597  (5.0s)
epoch 770  K= 7  loss=4.60784e-04  v1=0.01289  v30=0.00424  (4.9s)
epoch 771  K= 7  loss=4.60318e-04  v1=0.01354  v30=0.00385  (5.3s)
epoch 772  K= 7  loss=4.62924e-04  v1=0.01312  v30=0.00314  (5.2s)
epoch 773  K= 7  loss=4.63476e-04  v1=0.01416  v30=0.00437  (5.2s)
epoch 774  K= 7  loss=4.58327e-04  v1=0.01367  v30=0.00436  (5.0s)
epoch 775  K= 7  loss=4.62626e-04  v1=0.01108  v30=0.00428  (5.2s)
epoch 776  K= 7  loss=4.61049e-04  v1=0.01326  v30=0.00392  (5.0s)
epoch 777  K= 7  loss=4.63198e-04  v1=0.01151  v30=0.00361  (5.2s)
epoch 778  K= 7  loss=4.60643e-04  v1=0.01322  v30=0.00422  (5.0s)
epoch 779  K= 7  loss=4.65432e-04  v1=0.01275  v30=0.00379  (5.0s)
epoch 780  K= 7  loss=4.60922e-04  v1=0.01109  v30=0.00479  (5.0s)
epoch 781  K= 7  loss=4.61669e-04  v1=0.01052  v30=0.00333  (5.2s)
epoch 782  K= 7  loss=4.59681e-04  v1=0.01218  v30=0.00411  (5.0s)
epoch 783  K= 7  loss=4.60773e-04  v1=0.01290  v30=0.00499  (5.0s)
epoch 784  K= 7  loss=4.61222e-04  v1=0.01310  v30=0.00573  (5.1s)
epoch 785  K= 7  loss=4.58945e-04  v1=0.01556  v30=0.00419  (5.1s)
epoch 786  K= 7  loss=4.58801e-04  v1=0.01389  v30=0.00363  (5.1s)
epoch 787  K= 7  loss=4.61781e-04  v1=0.01157  v30=0.00326  (5.0s)
epoch 788  K= 7  loss=4.61214e-04  v1=0.01175  v30=0.00356  (5.0s)
epoch 789  K= 7  loss=4.62502e-04  v1=0.01416  v30=0.00416  (4.8s)
epoch 790  K= 7  loss=4.61050e-04  v1=0.01375  v30=0.00512  (5.1s)
epoch 791  K= 7  loss=4.60033e-04  v1=0.01513  v30=0.00496  (5.0s)
epoch 792  K= 7  loss=4.62682e-04  v1=0.01342  v30=0.00357  (5.0s)
epoch 793  K= 7  loss=4.61372e-04  v1=0.01498  v30=0.00361  (5.0s)
epoch 794  K= 7  loss=4.59702e-04  v1=0.01245  v30=0.00348  (5.2s)
epoch 795  K= 7  loss=4.61393e-04  v1=0.01421  v30=0.00360  (5.1s)
epoch 796  K= 7  loss=4.60434e-04  v1=0.01478  v30=0.00476  (4.9s)
epoch 797  K= 7  loss=4.60141e-04  v1=0.01601  v30=0.00633  (4.9s)
epoch 798  K= 7  loss=4.59159e-04  v1=0.01168  v30=0.00356  (5.0s)
epoch 799  K= 7  loss=4.63055e-04  v1=0.01101  v30=0.00356  (5.1s)
epoch 800  K= 7  loss=4.57362e-04  v1=0.01295  v30=0.00467  (4.9s)
epoch 801  K= 7  loss=4.61668e-04  v1=0.01562  v30=0.00428  (5.1s)
epoch 802  K= 7  loss=4.59176e-04  v1=0.01411  v30=0.00437  (5.0s)
epoch 803  K= 7  loss=4.59829e-04  v1=0.01620  v30=0.00367  (5.2s)
epoch 804  K= 7  loss=4.59043e-04  v1=0.01567  v30=0.00450  (5.0s)
epoch 805  K= 7  loss=4.63470e-04  v1=0.01241  v30=0.00377  (5.0s)
epoch 806  K= 7  loss=4.60648e-04  v1=0.01057  v30=0.00439  (5.1s)
epoch 807  K= 7  loss=4.61284e-04  v1=0.01286  v30=0.00423  (5.0s)
epoch 808  K= 7  loss=4.59216e-04  v1=0.01374  v30=0.00350  (5.0s)
epoch 809  K= 7  loss=4.63146e-04  v1=0.01494  v30=0.00423  (5.0s)
epoch 810  K= 7  loss=4.64677e-04  v1=0.01398  v30=0.00411  (5.2s)
epoch 811  K= 7  loss=4.59685e-04  v1=0.01211  v30=0.00529  (5.0s)
epoch 812  K= 7  loss=4.62538e-04  v1=0.01541  v30=0.00479  (5.0s)
epoch 813  K= 7  loss=4.59992e-04  v1=0.01076  v30=0.00428  (5.0s)
epoch 814  K= 7  loss=4.60881e-04  v1=0.01363  v30=0.00374  (5.0s)
epoch 815  K= 7  loss=4.63678e-04  v1=0.01229  v30=0.00324  (5.0s)
epoch 816  K= 7  loss=4.60384e-04  v1=0.01194  v30=0.00375  (5.0s)
epoch 817  K= 7  loss=4.61077e-04  v1=0.01547  v30=0.00486  (5.1s)
epoch 818  K= 7  loss=4.58950e-04  v1=0.01164  v30=0.00415  (4.9s)
epoch 819  K= 7  loss=4.58369e-04  v1=0.01318  v30=0.00348  (4.9s)
epoch 820  K= 7  loss=4.59441e-04  v1=0.01752  v30=0.00497  (4.8s)
epoch 821  K= 7  loss=4.58901e-04  v1=0.01507  v30=0.00421  (5.1s)
epoch 822  K= 7  loss=4.60308e-04  v1=0.01281  v30=0.00340  (5.0s)
epoch 823  K= 7  loss=4.60804e-04  v1=0.01226  v30=0.00363  (5.0s)
epoch 824  K= 7  loss=4.59550e-04  v1=0.01572  v30=0.00513  (5.1s)
epoch 825  K= 7  loss=4.63502e-04  v1=0.01027  v30=0.00456  (5.0s)
epoch 826  K= 7  loss=4.60950e-04  v1=0.01458  v30=0.00577  (5.0s)
epoch 827  K= 7  loss=4.59226e-04  v1=0.01379  v30=0.00379  (5.1s)
epoch 828  K= 7  loss=4.62794e-04  v1=0.01284  v30=0.00431  (5.0s)
epoch 829  K= 7  loss=4.60662e-04  v1=0.01193  v30=0.00653  (5.0s)
epoch 830  K= 7  loss=4.59643e-04  v1=0.01520  v30=0.00396  (4.9s)
epoch 831  K= 7  loss=4.59621e-04  v1=0.01360  v30=0.00643  (4.8s)
epoch 832  K= 7  loss=4.58292e-04  v1=0.01172  v30=0.00385  (4.8s)
epoch 833  K= 7  loss=4.61932e-04  v1=0.01297  v30=0.00516  (4.8s)
epoch 834  K= 7  loss=4.61681e-04  v1=0.01322  v30=0.00349  (4.8s)
epoch 835  K= 7  loss=4.60092e-04  v1=0.01431  v30=0.00334  (4.8s)
epoch 836  K= 7  loss=4.61172e-04  v1=0.01256  v30=0.00409  (4.8s)
epoch 837  K= 7  loss=4.59951e-04  v1=0.01287  v30=0.00413  (4.8s)
epoch 838  K= 7  loss=4.62948e-04  v1=0.01358  v30=0.00428  (4.8s)
epoch 839  K= 7  loss=4.57707e-04  v1=0.01541  v30=0.00366  (5.1s)
epoch 840  K= 7  loss=4.61338e-04  v1=0.01308  v30=0.00372  (5.0s)
epoch 841  K= 7  loss=4.57919e-04  v1=0.01562  v30=0.00340  (5.0s)
epoch 842  K= 7  loss=4.60311e-04  v1=0.01434  v30=0.00477  (5.2s)
epoch 843  K= 7  loss=4.58614e-04  v1=0.01351  v30=0.00444  (5.0s)
epoch 844  K= 7  loss=4.60524e-04  v1=0.01250  v30=0.00319  (4.9s)
epoch 845  K= 7  loss=4.62421e-04  v1=0.01311  v30=0.00342  (5.0s)
epoch 846  K= 7  loss=4.59487e-04  v1=0.01216  v30=0.00474  (5.1s)
epoch 847  K= 7  loss=4.60934e-04  v1=0.01092  v30=0.00622  (5.1s)
epoch 848  K= 7  loss=4.60956e-04  v1=0.01654  v30=0.00557  (4.8s)
epoch 849  K= 7  loss=4.60100e-04  v1=0.01156  v30=0.00489  (4.8s)
epoch 850  K= 7  loss=4.62050e-04  v1=0.01682  v30=0.00313  (5.1s)
epoch 851  K= 7  loss=4.59116e-04  v1=0.01152  v30=0.00363  (5.0s)
epoch 852  K= 7  loss=4.61671e-04  v1=0.01220  v30=0.00913  (5.0s)
epoch 853  K= 7  loss=4.60150e-04  v1=0.01462  v30=0.00339  (5.0s)
epoch 854  K= 7  loss=4.58918e-04  v1=0.01091  v30=0.00703  (5.0s)
epoch 855  K= 7  loss=4.62005e-04  v1=0.01184  v30=0.00348  (5.1s)
epoch 856  K= 7  loss=4.58599e-04  v1=0.01206  v30=0.00835  (5.0s)
epoch 857  K= 7  loss=4.58542e-04  v1=0.01041  v30=0.00585  (5.1s)
epoch 858  K= 7  loss=4.60971e-04  v1=0.01201  v30=0.00669  (5.0s)
epoch 859  K= 7  loss=4.59360e-04  v1=0.01718  v30=0.00526  (5.0s)
epoch 860  K= 7  loss=4.59769e-04  v1=0.01406  v30=0.00471  (5.1s)
epoch 861  K= 7  loss=4.59992e-04  v1=0.01271  v30=0.00650  (5.1s)
epoch 862  K= 7  loss=4.60814e-04  v1=0.01295  v30=0.00326  (5.1s)
epoch 863  K= 7  loss=4.62009e-04  v1=0.01437  v30=0.00360  (5.1s)
epoch 864  K= 7  loss=4.62541e-04  v1=0.01448  v30=0.00433  (5.0s)
epoch 865  K= 7  loss=4.62254e-04  v1=0.01302  v30=0.00318  (5.0s)
epoch 866  K= 7  loss=4.59730e-04  v1=0.01351  v30=0.00646  (5.0s)
epoch 867  K= 7  loss=4.58923e-04  v1=0.01365  v30=0.00363  (5.0s)
epoch 868  K= 7  loss=4.62680e-04  v1=0.01285  v30=0.00875  (5.0s)
epoch 869  K= 7  loss=4.61963e-04  v1=0.01257  v30=0.00444  (5.0s)
epoch 870  K= 7  loss=4.61007e-04  v1=0.01036  v30=0.00670  (5.1s)
epoch 871  K= 7  loss=4.58523e-04  v1=0.01325  v30=0.00846  (5.0s)
epoch 872  K= 7  loss=4.61994e-04  v1=0.01329  v30=0.00694  (4.7s)
epoch 873  K= 7  loss=4.61350e-04  v1=0.01139  v30=0.00633  (4.7s)
epoch 874  K= 7  loss=4.58149e-04  v1=0.01443  v30=0.00419  (5.0s)
epoch 875  K= 7  loss=4.60854e-04  v1=0.01569  v30=0.00535  (5.1s)
epoch 876  K= 7  loss=4.61274e-04  v1=0.01147  v30=0.00422  (5.0s)
epoch 877  K= 7  loss=4.59755e-04  v1=0.01299  v30=0.00849  (5.1s)
epoch 878  K= 7  loss=4.59365e-04  v1=0.01409  v30=0.00670  (5.0s)
epoch 879  K= 7  loss=4.62805e-04  v1=0.01140  v30=0.00360  (5.0s)
epoch 880  K= 7  loss=4.62046e-04  v1=0.01408  v30=0.00520  (5.0s)
epoch 881  K= 7  loss=4.58774e-04  v1=0.01429  v30=0.00381  (5.1s)
epoch 882  K= 7  loss=4.61286e-04  v1=0.01517  v30=0.00320  (5.0s)
epoch 883  K= 7  loss=4.60470e-04  v1=0.01072  v30=0.00417  (5.0s)
epoch 884  K= 7  loss=4.57345e-04  v1=0.01395  v30=0.00468  (5.0s)
epoch 885  K= 7  loss=4.60211e-04  v1=0.01541  v30=0.00429  (5.1s)
epoch 886  K= 7  loss=4.62949e-04  v1=0.01288  v30=0.00348  (5.1s)
epoch 887  K= 7  loss=4.62316e-04  v1=0.01313  v30=0.00373  (5.2s)
epoch 888  K= 7  loss=4.59882e-04  v1=0.01161  v30=0.00419  (5.0s)
epoch 889  K= 7  loss=4.60120e-04  v1=0.01001  v30=0.00841  (5.0s)
epoch 890  K= 7  loss=4.58403e-04  v1=0.01015  v30=0.00341  (5.1s)
epoch 891  K= 7  loss=4.61974e-04  v1=0.01470  v30=0.00466  (5.2s)
epoch 892  K= 7  loss=4.60748e-04  v1=0.01450  v30=0.00470  (5.0s)
epoch 893  K= 7  loss=4.59760e-04  v1=0.01285  v30=0.00345  (5.0s)
epoch 894  K= 7  loss=4.61573e-04  v1=0.01325  v30=0.00714  (5.0s)
epoch 895  K= 7  loss=4.61174e-04  v1=0.01064  v30=0.00391  (5.1s)
epoch 896  K= 7  loss=4.59467e-04  v1=0.01087  v30=0.00399  (5.0s)
epoch 897  K= 7  loss=4.57878e-04  v1=0.01306  v30=0.00358  (5.1s)
epoch 898  K= 7  loss=4.60450e-04  v1=0.01290  v30=0.00554  (4.9s)
epoch 899  K= 7  loss=4.63121e-04  v1=0.01314  v30=0.00590  (5.0s)
epoch 900  K= 7  loss=4.59050e-04  v1=0.01474  v30=0.00297  (5.1s)
epoch 901  K= 7  loss=4.58310e-04  v1=0.01311  v30=0.00339  (5.0s)
epoch 902  K= 7  loss=4.60669e-04  v1=0.01566  v30=0.00792  (5.2s)
epoch 903  K= 7  loss=4.61930e-04  v1=0.01373  v30=0.00488  (5.0s)
epoch 904  K= 7  loss=4.60900e-04  v1=0.01539  v30=0.00623  (5.0s)
epoch 905  K= 7  loss=4.61213e-04  v1=0.01182  v30=0.00726  (5.1s)
epoch 906  K= 7  loss=4.61346e-04  v1=0.01177  v30=0.00307  (5.0s)
epoch 907  K= 7  loss=4.60290e-04  v1=0.01475  v30=0.00355  (5.0s)
epoch 908  K= 7  loss=4.60537e-04  v1=0.01329  v30=0.00524  (5.0s)
epoch 909  K= 7  loss=4.60575e-04  v1=0.01332  v30=0.00420  (5.1s)
epoch 910  K= 7  loss=4.59965e-04  v1=0.01365  v30=0.00447  (5.0s)
epoch 911  K= 7  loss=4.60141e-04  v1=0.01333  v30=0.00413  (4.9s)
epoch 912  K= 7  loss=4.59741e-04  v1=0.01196  v30=0.00398  (5.2s)
epoch 913  K= 7  loss=4.62242e-04  v1=0.01283  v30=0.00468  (5.1s)
epoch 914  K= 7  loss=4.62250e-04  v1=0.01316  v30=0.00310  (5.0s)
epoch 915  K= 7  loss=4.62078e-04  v1=0.01501  v30=0.00480  (5.0s)
epoch 916  K= 7  loss=4.63089e-04  v1=0.01467  v30=0.00373  (5.0s)
epoch 917  K= 7  loss=4.59660e-04  v1=0.01262  v30=0.00351  (4.8s)
epoch 918  K= 7  loss=4.61423e-04  v1=0.01141  v30=0.00636  (4.9s)
epoch 919  K= 7  loss=4.60738e-04  v1=0.01388  v30=0.00378  (4.9s)
epoch 920  K= 7  loss=4.59085e-04  v1=0.01241  v30=0.00374  (4.9s)
epoch 921  K= 7  loss=4.61275e-04  v1=0.01100  v30=0.00408  (5.2s)
epoch 922  K= 7  loss=4.61552e-04  v1=0.01353  v30=0.00374  (5.1s)
epoch 923  K= 7  loss=4.60504e-04  v1=0.01240  v30=0.00400  (5.1s)
epoch 924  K= 7  loss=4.61160e-04  v1=0.01282  v30=0.00489  (4.9s)
epoch 925  K= 7  loss=4.61450e-04  v1=0.01367  v30=0.00693  (5.0s)
epoch 926  K= 7  loss=4.61402e-04  v1=0.01162  v30=0.00317  (5.3s)
epoch 927  K= 7  loss=4.58314e-04  v1=0.01100  v30=0.00692  (4.9s)
epoch 928  K= 7  loss=4.63064e-04  v1=0.01593  v30=0.00392  (5.1s)
epoch 929  K= 7  loss=4.60215e-04  v1=0.01617  v30=0.00663  (5.2s)
epoch 930  K= 7  loss=4.62840e-04  v1=0.01315  v30=0.00731  (5.1s)
epoch 931  K= 7  loss=4.62175e-04  v1=0.01279  v30=0.00414  (5.1s)
epoch 932  K= 7  loss=4.60634e-04  v1=0.01354  v30=0.00604  (5.0s)
epoch 933  K= 7  loss=4.59117e-04  v1=0.01252  v30=0.00352  (5.0s)
epoch 934  K= 7  loss=4.62389e-04  v1=0.01132  v30=0.00627  (5.0s)
epoch 935  K= 7  loss=4.63141e-04  v1=0.01194  v30=0.00332  (4.9s)
epoch 936  K= 7  loss=4.61997e-04  v1=0.01434  v30=0.00475  (4.8s)
epoch 937  K= 7  loss=4.63259e-04  v1=0.01163  v30=0.00369  (4.8s)
epoch 938  K= 7  loss=4.61619e-04  v1=0.01639  v30=0.00631  (4.7s)
epoch 939  K= 7  loss=4.60494e-04  v1=0.01271  v30=0.00446  (4.8s)
epoch 940  K= 7  loss=4.62076e-04  v1=0.01365  v30=0.00504  (5.1s)
epoch 941  K= 7  loss=4.58931e-04  v1=0.01471  v30=0.00587  (5.0s)
epoch 942  K= 7  loss=4.62696e-04  v1=0.01447  v30=0.00509  (5.0s)
epoch 943  K= 7  loss=4.60136e-04  v1=0.01175  v30=0.00520  (5.0s)
epoch 944  K= 7  loss=4.59003e-04  v1=0.01227  v30=0.00325  (5.3s)
epoch 945  K= 7  loss=4.61459e-04  v1=0.01153  v30=0.00484  (5.0s)
epoch 946  K= 7  loss=4.60260e-04  v1=0.01362  v30=0.00313  (5.0s)
epoch 947  K= 7  loss=4.60778e-04  v1=0.01194  v30=0.00477  (5.0s)
epoch 948  K= 7  loss=4.63231e-04  v1=0.01416  v30=0.00327  (4.9s)
epoch 949  K= 7  loss=4.59623e-04  v1=0.01417  v30=0.00387  (5.1s)
epoch 950  K= 7  loss=4.62357e-04  v1=0.01342  v30=0.00380  (5.1s)
epoch 951  K= 7  loss=4.60852e-04  v1=0.01474  v30=0.00477  (5.1s)
epoch 952  K= 7  loss=4.61228e-04  v1=0.01187  v30=0.00358  (5.3s)
epoch 953  K= 7  loss=4.59575e-04  v1=0.01178  v30=0.00408  (5.1s)
epoch 954  K= 7  loss=4.58179e-04  v1=0.01466  v30=0.00323  (5.0s)
epoch 955  K= 7  loss=4.61251e-04  v1=0.01253  v30=0.00413  (5.0s)
epoch 956  K= 7  loss=4.61524e-04  v1=0.01331  v30=0.00407  (5.0s)
epoch 957  K= 7  loss=4.59300e-04  v1=0.01332  v30=0.00385  (5.2s)
epoch 958  K= 7  loss=4.60796e-04  v1=0.01356  v30=0.00351  (5.2s)
epoch 959  K= 7  loss=4.59376e-04  v1=0.01199  v30=0.00405  (5.1s)
epoch 960  K= 7  loss=4.60393e-04  v1=0.01184  v30=0.00446  (5.0s)
epoch 961  K= 7  loss=4.63150e-04  v1=0.01161  v30=0.00449  (5.1s)
epoch 962  K= 7  loss=4.63451e-04  v1=0.01161  v30=0.00324  (5.2s)
epoch 963  K= 7  loss=4.59699e-04  v1=0.01654  v30=0.00324  (5.2s)
epoch 964  K= 7  loss=4.59819e-04  v1=0.01272  v30=0.00390  (5.1s)
epoch 965  K= 7  loss=4.59705e-04  v1=0.01368  v30=0.00347  (5.1s)
epoch 966  K= 7  loss=4.59302e-04  v1=0.01376  v30=0.00329  (5.0s)
epoch 967  K= 7  loss=4.61760e-04  v1=0.01098  v30=0.00775  (5.0s)
epoch 968  K= 7  loss=4.60114e-04  v1=0.01130  v30=0.00507  (5.1s)
epoch 969  K= 7  loss=4.61279e-04  v1=0.01541  v30=0.00362  (5.0s)
epoch 970  K= 7  loss=4.58939e-04  v1=0.01290  v30=0.00461  (5.1s)
epoch 971  K= 7  loss=4.61156e-04  v1=0.01271  v30=0.00376  (5.2s)
epoch 972  K= 7  loss=4.59904e-04  v1=0.01696  v30=0.00357  (4.7s)
epoch 973  K= 7  loss=4.59285e-04  v1=0.01235  v30=0.00306  (5.0s)
epoch 974  K= 7  loss=4.60210e-04  v1=0.01376  v30=0.00554  (5.1s)
epoch 975  K= 7  loss=4.61626e-04  v1=0.01093  v30=0.00372  (5.0s)
epoch 976  K= 7  loss=4.61295e-04  v1=0.01422  v30=0.00612  (5.1s)
epoch 977  K= 7  loss=4.63814e-04  v1=0.01427  v30=0.00477  (5.1s)
epoch 978  K= 7  loss=4.62220e-04  v1=0.01358  v30=0.00759  (5.0s)
epoch 979  K= 7  loss=4.59994e-04  v1=0.01345  v30=0.00335  (4.9s)
epoch 980  K= 7  loss=4.60149e-04  v1=0.01304  v30=0.00386  (5.1s)
epoch 981  K= 7  loss=4.59925e-04  v1=0.01330  v30=0.00514  (5.0s)
epoch 982  K= 7  loss=4.60999e-04  v1=0.01175  v30=0.00486  (5.0s)
epoch 983  K= 7  loss=4.60647e-04  v1=0.01210  v30=0.00364  (5.0s)
epoch 984  K= 7  loss=4.59736e-04  v1=0.01310  v30=0.00382  (5.1s)
epoch 985  K= 7  loss=4.60677e-04  v1=0.01184  v30=0.00648  (4.9s)
epoch 986  K= 7  loss=4.62616e-04  v1=0.01231  v30=0.00313  (4.7s)
epoch 987  K= 7  loss=4.62321e-04  v1=0.01125  v30=0.00364  (4.8s)
epoch 988  K= 7  loss=4.59312e-04  v1=0.01252  v30=0.00369  (5.0s)
epoch 989  K= 7  loss=4.60512e-04  v1=0.01248  v30=0.00572  (5.1s)
epoch 990  K= 7  loss=4.59472e-04  v1=0.01112  v30=0.00516  (5.1s)
epoch 991  K= 7  loss=4.59318e-04  v1=0.01553  v30=0.00551  (5.1s)
epoch 992  K= 7  loss=4.60753e-04  v1=0.01534  v30=0.00410  (4.8s)
epoch 993  K= 7  loss=4.60123e-04  v1=0.01447  v30=0.00458  (4.8s)
epoch 994  K= 7  loss=4.60153e-04  v1=0.01137  v30=0.00495  (4.9s)
epoch 995  K= 7  loss=4.60752e-04  v1=0.01298  v30=0.00334  (5.0s)
epoch 996  K= 7  loss=4.59125e-04  v1=0.01313  v30=0.00665  (5.0s)
epoch 997  K= 7  loss=4.61172e-04  v1=0.01290  v30=0.00483  (5.2s)
epoch 998  K= 7  loss=4.60397e-04  v1=0.01349  v30=0.00408  (5.1s)
epoch 999  K= 7  loss=4.61414e-04  v1=0.01297  v30=0.00365  (5.1s)
epoch 1000  K= 7  loss=4.62996e-04  v1=0.01425  v30=0.00355  (5.1s)
epoch 1001  K= 7  loss=4.59485e-04  v1=0.01020  v30=0.00324  (5.0s)
epoch 1002  K= 7  loss=4.60400e-04  v1=0.01320  v30=0.00581  (5.1s)
epoch 1003  K= 7  loss=4.60338e-04  v1=0.01250  v30=0.00573  (5.1s)
epoch 1004  K= 7  loss=4.61580e-04  v1=0.01365  v30=0.00534  (5.0s)
epoch 1005  K= 7  loss=4.59347e-04  v1=0.01527  v30=0.00408  (4.8s)
epoch 1006  K= 7  loss=4.58975e-04  v1=0.01298  v30=0.00362  (4.9s)
epoch 1007  K= 7  loss=4.60562e-04  v1=0.01366  v30=0.00347  (4.9s)
epoch 1008  K= 7  loss=4.59535e-04  v1=0.01115  v30=0.00417  (4.8s)
epoch 1009  K= 7  loss=4.59361e-04  v1=0.01223  v30=0.00377  (5.0s)
epoch 1010  K= 7  loss=4.58881e-04  v1=0.01286  v30=0.00394  (5.2s)
epoch 1011  K= 7  loss=4.59696e-04  v1=0.01486  v30=0.00314  (4.9s)
epoch 1012  K= 7  loss=4.61223e-04  v1=0.01396  v30=0.00425  (5.1s)
epoch 1013  K= 7  loss=4.61163e-04  v1=0.01487  v30=0.00388  (5.0s)
epoch 1014  K= 7  loss=4.60475e-04  v1=0.01280  v30=0.00421  (5.0s)
epoch 1015  K= 7  loss=4.61650e-04  v1=0.01283  v30=0.00365  (5.0s)
epoch 1016  K= 7  loss=4.64533e-04  v1=0.01432  v30=0.00549  (4.9s)
epoch 1017  K= 7  loss=4.62851e-04  v1=0.01405  v30=0.00329  (4.9s)
epoch 1018  K= 7  loss=4.61185e-04  v1=0.01209  v30=0.00556  (4.8s)
epoch 1019  K= 7  loss=4.60847e-04  v1=0.01196  v30=0.00561  (5.2s)
epoch 1020  K= 7  loss=4.60800e-04  v1=0.01348  v30=0.00369  (5.1s)
epoch 1021  K= 7  loss=4.60625e-04  v1=0.01561  v30=0.00487  (5.1s)
epoch 1022  K= 7  loss=4.60378e-04  v1=0.01169  v30=0.00625  (5.0s)
epoch 1023  K= 7  loss=4.63244e-04  v1=0.01050  v30=0.00430  (5.1s)
epoch 1024  K= 7  loss=4.58811e-04  v1=0.01066  v30=0.00394  (5.0s)
epoch 1025  K= 7  loss=4.61073e-04  v1=0.01340  v30=0.00333  (5.0s)
epoch 1026  K= 7  loss=4.60460e-04  v1=0.01435  v30=0.00382  (4.9s)
epoch 1027  K= 7  loss=4.62006e-04  v1=0.01356  v30=0.00643  (4.9s)
epoch 1028  K= 7  loss=4.57618e-04  v1=0.01347  v30=0.00478  (5.1s)
epoch 1029  K= 7  loss=4.62556e-04  v1=0.01252  v30=0.00336  (5.1s)
epoch 1030  K= 7  loss=4.62464e-04  v1=0.01455  v30=0.00534  (4.9s)
epoch 1031  K= 7  loss=4.60361e-04  v1=0.01313  v30=0.00395  (4.8s)
epoch 1032  K= 7  loss=4.62159e-04  v1=0.01354  v30=0.00306  (4.7s)
epoch 1033  K= 7  loss=4.59443e-04  v1=0.01116  v30=0.00500  (5.0s)
epoch 1034  K= 7  loss=4.60318e-04  v1=0.01585  v30=0.00342  (5.0s)
epoch 1035  K= 7  loss=4.59045e-04  v1=0.01000  v30=0.00371  (5.0s)
epoch 1036  K= 7  loss=4.60175e-04  v1=0.01473  v30=0.00603  (5.2s)
epoch 1037  K= 7  loss=4.60626e-04  v1=0.01435  v30=0.00349  (5.0s)
epoch 1038  K= 7  loss=4.60493e-04  v1=0.01305  v30=0.00623  (5.0s)
epoch 1039  K= 7  loss=4.60708e-04  v1=0.01443  v30=0.00346  (5.1s)
epoch 1040  K= 7  loss=4.60186e-04  v1=0.01126  v30=0.00330  (4.8s)
epoch 1041  K= 7  loss=4.58523e-04  v1=0.01625  v30=0.00660  (4.9s)
epoch 1042  K= 7  loss=4.60712e-04  v1=0.01342  v30=0.00491  (5.1s)
epoch 1043  K= 7  loss=4.59431e-04  v1=0.01073  v30=0.00823  (5.1s)
epoch 1044  K= 7  loss=4.60243e-04  v1=0.01560  v30=0.00347  (5.2s)
epoch 1045  K= 7  loss=4.58644e-04  v1=0.01491  v30=0.00371  (5.1s)
epoch 1046  K= 7  loss=4.60334e-04  v1=0.01478  v30=0.00615  (5.1s)
epoch 1047  K= 7  loss=4.58972e-04  v1=0.01230  v30=0.00336  (5.0s)
epoch 1048  K= 7  loss=4.59316e-04  v1=0.01153  v30=0.00321  (5.0s)
epoch 1049  K= 7  loss=4.59653e-04  v1=0.01354  v30=0.00408  (4.7s)
epoch 1050  K= 7  loss=4.60755e-04  v1=0.01365  v30=0.00385  (4.7s)
epoch 1051  K= 7  loss=4.58793e-04  v1=0.01085  v30=0.00711  (4.8s)
epoch 1052  K= 7  loss=4.61659e-04  v1=0.01203  v30=0.00342  (5.0s)
epoch 1053  K= 7  loss=4.58301e-04  v1=0.01589  v30=0.00365  (5.2s)
epoch 1054  K= 7  loss=4.60679e-04  v1=0.01356  v30=0.00336  (5.0s)
epoch 1055  K= 7  loss=4.60058e-04  v1=0.01371  v30=0.00647  (5.0s)
epoch 1056  K= 7  loss=4.64532e-04  v1=0.01393  v30=0.00410  (4.9s)
epoch 1057  K= 7  loss=4.63634e-04  v1=0.01288  v30=0.00690  (5.1s)
epoch 1058  K= 7  loss=4.61621e-04  v1=0.01537  v30=0.00380  (5.0s)
epoch 1059  K= 7  loss=4.60196e-04  v1=0.01267  v30=0.00420  (5.0s)
epoch 1060  K= 7  loss=4.62902e-04  v1=0.01357  v30=0.00384  (5.0s)
epoch 1061  K= 7  loss=4.63559e-04  v1=0.01291  v30=0.00632  (5.0s)
epoch 1062  K= 7  loss=4.60642e-04  v1=0.01423  v30=0.00350  (5.0s)
epoch 1063  K= 7  loss=4.60741e-04  v1=0.01216  v30=0.00430  (5.1s)
epoch 1064  K= 7  loss=4.60120e-04  v1=0.01418  v30=0.00411  (5.1s)
epoch 1065  K= 7  loss=4.60117e-04  v1=0.01336  v30=0.00481  (5.0s)
epoch 1066  K= 7  loss=4.58549e-04  v1=0.01291  v30=0.00476  (5.0s)
epoch 1067  K= 7  loss=4.59501e-04  v1=0.01509  v30=0.00332  (5.0s)
epoch 1068  K= 7  loss=4.60539e-04  v1=0.01484  v30=0.00406  (5.0s)
epoch 1069  K= 7  loss=4.61748e-04  v1=0.01393  v30=0.00536  (5.0s)
epoch 1070  K= 7  loss=4.62622e-04  v1=0.01223  v30=0.00352  (5.0s)
epoch 1071  K= 7  loss=4.58904e-04  v1=0.01406  v30=0.00382  (5.0s)
epoch 1072  K= 7  loss=4.59997e-04  v1=0.01415  v30=0.00569  (5.0s)
epoch 1073  K= 7  loss=4.60294e-04  v1=0.01451  v30=0.00480  (5.0s)
epoch 1074  K= 7  loss=4.59696e-04  v1=0.01462  v30=0.00598  (5.1s)
epoch 1075  K= 7  loss=4.60598e-04  v1=0.01272  v30=0.00422  (5.1s)
epoch 1076  K= 7  loss=4.60396e-04  v1=0.01458  v30=0.00700  (5.1s)
epoch 1077  K= 7  loss=4.62055e-04  v1=0.01241  v30=0.00572  (5.1s)
epoch 1078  K= 7  loss=4.60388e-04  v1=0.01135  v30=0.00425  (5.0s)
epoch 1079  K= 7  loss=4.60847e-04  v1=0.01585  v30=0.00416  (5.1s)
epoch 1080  K= 7  loss=4.57644e-04  v1=0.01298  v30=0.00348  (5.0s)
epoch 1081  K= 7  loss=4.59776e-04  v1=0.01428  v30=0.00351  (5.1s)
epoch 1082  K= 7  loss=4.60038e-04  v1=0.01054  v30=0.01012  (5.0s)
epoch 1083  K= 7  loss=4.60175e-04  v1=0.01295  v30=0.00546  (5.1s)
epoch 1084  K= 7  loss=4.59416e-04  v1=0.01164  v30=0.00384  (5.0s)
epoch 1085  K= 7  loss=4.62771e-04  v1=0.01437  v30=0.00334  (5.1s)
epoch 1086  K= 7  loss=4.59873e-04  v1=0.01590  v30=0.00464  (5.0s)
epoch 1087  K= 7  loss=4.60192e-04  v1=0.01336  v30=0.00636  (5.1s)
epoch 1088  K= 7  loss=4.60305e-04  v1=0.01251  v30=0.00331  (5.0s)
epoch 1089  K= 7  loss=4.60992e-04  v1=0.01225  v30=0.00401  (5.0s)
epoch 1090  K= 7  loss=4.59946e-04  v1=0.01254  v30=0.00545  (5.0s)
epoch 1091  K= 7  loss=4.59331e-04  v1=0.01246  v30=0.00541  (5.1s)
epoch 1092  K= 7  loss=4.60587e-04  v1=0.01294  v30=0.00487  (5.1s)
epoch 1093  K= 7  loss=4.59840e-04  v1=0.01401  v30=0.00355  (5.1s)
epoch 1094  K= 7  loss=4.60202e-04  v1=0.01211  v30=0.00453  (5.2s)
epoch 1095  K= 7  loss=4.60874e-04  v1=0.01200  v30=0.00371  (5.1s)
epoch 1096  K= 7  loss=4.59714e-04  v1=0.01254  v30=0.00404  (5.0s)
epoch 1097  K= 7  loss=4.56263e-04  v1=0.01405  v30=0.00538  (5.1s)
epoch 1098  K= 7  loss=4.59849e-04  v1=0.01304  v30=0.00441  (5.1s)
epoch 1099  K= 7  loss=4.61235e-04  v1=0.02403  v30=0.00312  (5.0s)
epoch 1100  K= 7  loss=4.59212e-04  v1=0.01122  v30=0.00549  (5.1s)
epoch 1101  K= 7  loss=4.59445e-04  v1=0.01639  v30=0.00370  (4.9s)
epoch 1102  K= 7  loss=4.59827e-04  v1=0.01239  v30=0.00777  (5.0s)
epoch 1103  K= 7  loss=4.58542e-04  v1=0.01225  v30=0.00281  (5.0s)
epoch 1104  K= 7  loss=4.58354e-04  v1=0.01191  v30=0.00339  (5.0s)
epoch 1105  K= 7  loss=4.59012e-04  v1=0.01169  v30=0.00572  (5.0s)
epoch 1106  K= 7  loss=4.59509e-04  v1=0.01274  v30=0.00419  (4.8s)
epoch 1107  K= 7  loss=4.57896e-04  v1=0.01161  v30=0.00329  (5.0s)
epoch 1108  K= 7  loss=4.61585e-04  v1=0.01452  v30=0.00354  (5.0s)
epoch 1109  K= 7  loss=4.58926e-04  v1=0.01259  v30=0.00326  (5.0s)
epoch 1110  K= 7  loss=4.59072e-04  v1=0.01346  v30=0.00577  (5.1s)
epoch 1111  K= 7  loss=4.60020e-04  v1=0.01161  v30=0.00310  (5.1s)
epoch 1112  K= 7  loss=4.62682e-04  v1=0.01325  v30=0.00374  (5.1s)
epoch 1113  K= 7  loss=4.60905e-04  v1=0.01065  v30=0.00434  (5.0s)
epoch 1114  K= 7  loss=4.62454e-04  v1=0.01297  v30=0.00621  (4.9s)
epoch 1115  K= 7  loss=4.63714e-04  v1=0.01261  v30=0.00443  (5.1s)
epoch 1116  K= 7  loss=4.60535e-04  v1=0.01147  v30=0.00417  (5.0s)
epoch 1117  K= 7  loss=4.59957e-04  v1=0.01571  v30=0.00526  (5.1s)
epoch 1118  K= 7  loss=4.60017e-04  v1=0.01026  v30=0.00582  (5.0s)
epoch 1119  K= 7  loss=4.60278e-04  v1=0.01266  v30=0.00455  (5.0s)
epoch 1120  K= 7  loss=4.57688e-04  v1=0.01453  v30=0.00488  (5.1s)
epoch 1121  K= 7  loss=4.59769e-04  v1=0.01280  v30=0.00442  (5.3s)
epoch 1122  K= 7  loss=4.61537e-04  v1=0.01518  v30=0.00363  (5.0s)
epoch 1123  K= 7  loss=4.58414e-04  v1=0.01473  v30=0.00475  (5.2s)
epoch 1124  K= 7  loss=4.61167e-04  v1=0.01272  v30=0.00351  (5.0s)
epoch 1125  K= 7  loss=4.61193e-04  v1=0.01283  v30=0.00375  (5.0s)
epoch 1126  K= 7  loss=4.57858e-04  v1=0.01273  v30=0.00349  (5.2s)
epoch 1127  K= 7  loss=4.58765e-04  v1=0.01434  v30=0.00369  (5.1s)
epoch 1128  K= 7  loss=4.60908e-04  v1=0.01172  v30=0.00641  (5.0s)
epoch 1129  K= 7  loss=4.60419e-04  v1=0.01583  v30=0.00711  (5.0s)
epoch 1130  K= 7  loss=4.60084e-04  v1=0.01388  v30=0.00358  (5.0s)
epoch 1131  K= 7  loss=4.61464e-04  v1=0.01209  v30=0.00350  (5.0s)
epoch 1132  K= 7  loss=4.60454e-04  v1=0.01164  v30=0.00784  (5.0s)
epoch 1133  K= 7  loss=4.59872e-04  v1=0.01366  v30=0.00410  (5.1s)
epoch 1134  K= 7  loss=4.59233e-04  v1=0.01287  v30=0.00354  (5.0s)
epoch 1135  K= 7  loss=4.61968e-04  v1=0.01612  v30=0.00383  (5.1s)
epoch 1136  K= 7  loss=4.60280e-04  v1=0.01226  v30=0.00451  (5.0s)
epoch 1137  K= 7  loss=4.60832e-04  v1=0.01282  v30=0.00366  (5.1s)
epoch 1138  K= 7  loss=4.61104e-04  v1=0.01269  v30=0.00351  (5.0s)
epoch 1139  K= 7  loss=4.59751e-04  v1=0.01461  v30=0.00328  (5.0s)
epoch 1140  K= 7  loss=4.58601e-04  v1=0.01424  v30=0.00382  (5.0s)
epoch 1141  K= 7  loss=4.60287e-04  v1=0.01241  v30=0.00369  (5.2s)
epoch 1142  K= 7  loss=4.59665e-04  v1=0.01243  v30=0.00348  (5.1s)
epoch 1143  K= 7  loss=4.60234e-04  v1=0.01417  v30=0.00366  (5.2s)
epoch 1144  K= 7  loss=4.60598e-04  v1=0.01449  v30=0.00344  (5.3s)
epoch 1145  K= 7  loss=4.61988e-04  v1=0.01341  v30=0.00410  (5.3s)
epoch 1146  K= 7  loss=4.61624e-04  v1=0.01522  v30=0.00311  (5.0s)
epoch 1147  K= 7  loss=4.60930e-04  v1=0.01237  v30=0.00345  (5.1s)
epoch 1148  K= 7  loss=4.61334e-04  v1=0.01320  v30=0.00759  (5.1s)
epoch 1149  K= 7  loss=4.59361e-04  v1=0.01447  v30=0.00318  (5.1s)
epoch 1150  K= 7  loss=4.60572e-04  v1=0.01422  v30=0.00355  (5.1s)
epoch 1151  K= 7  loss=4.60138e-04  v1=0.01253  v30=0.00366  (5.4s)
epoch 1152  K= 7  loss=4.59321e-04  v1=0.01340  v30=0.00300  (5.6s)
epoch 1153  K= 7  loss=4.60853e-04  v1=0.01498  v30=0.00350  (5.8s)
epoch 1154  K= 7  loss=4.59332e-04  v1=0.01248  v30=0.00536  (5.6s)
epoch 1155  K= 7  loss=4.61053e-04  v1=0.01262  v30=0.00326  (5.5s)
epoch 1156  K= 7  loss=4.61029e-04  v1=0.01120  v30=0.00451  (5.7s)
epoch 1157  K= 7  loss=4.57896e-04  v1=0.01169  v30=0.00463  (5.4s)
epoch 1158  K= 7  loss=4.58699e-04  v1=0.01095  v30=0.00317  (5.2s)
epoch 1159  K= 7  loss=4.60707e-04  v1=0.01214  v30=0.00382  (5.3s)
epoch 1160  K= 7  loss=4.61206e-04  v1=0.01343  v30=0.00853  (5.5s)
epoch 1161  K= 7  loss=4.58763e-04  v1=0.01359  v30=0.00347  (5.4s)
epoch 1162  K= 7  loss=4.59774e-04  v1=0.01160  v30=0.00650  (5.8s)
epoch 1163  K= 7  loss=4.59890e-04  v1=0.01268  v30=0.00520  (5.4s)
epoch 1164  K= 7  loss=4.59484e-04  v1=0.01216  v30=0.00405  (5.4s)
epoch 1165  K= 7  loss=4.61346e-04  v1=0.01768  v30=0.00457  (5.7s)
epoch 1166  K= 7  loss=4.61420e-04  v1=0.01220  v30=0.00373  (5.7s)
epoch 1167  K= 7  loss=4.58831e-04  v1=0.01283  v30=0.00304  (5.8s)
epoch 1168  K= 7  loss=4.62590e-04  v1=0.01238  v30=0.00470  (5.5s)
epoch 1169  K= 7  loss=4.61885e-04  v1=0.01529  v30=0.00822  (5.7s)
epoch 1170  K= 7  loss=4.61926e-04  v1=0.01268  v30=0.00329  (5.5s)
epoch 1171  K= 7  loss=4.59874e-04  v1=0.01110  v30=0.00369  (5.4s)
epoch 1172  K= 7  loss=4.59018e-04  v1=0.01217  v30=0.00446  (5.6s)
epoch 1173  K= 7  loss=4.61044e-04  v1=0.01246  v30=0.00370  (5.6s)
epoch 1174  K= 7  loss=4.60541e-04  v1=0.01360  v30=0.00391  (5.7s)
epoch 1175  K= 7  loss=4.59226e-04  v1=0.01527  v30=0.01319  (5.6s)
epoch 1176  K= 7  loss=4.59376e-04  v1=0.01167  v30=0.00460  (5.5s)
epoch 1177  K= 7  loss=4.58930e-04  v1=0.01387  v30=0.00503  (5.9s)
epoch 1178  K= 7  loss=4.61845e-04  v1=0.01394  v30=0.00562  (5.5s)
epoch 1179  K= 7  loss=4.59010e-04  v1=0.01239  v30=0.00372  (5.9s)
epoch 1180  K= 7  loss=4.60988e-04  v1=0.01610  v30=0.00357  (5.6s)
epoch 1181  K= 7  loss=4.60690e-04  v1=0.01310  v30=0.00571  (5.7s)
epoch 1182  K= 7  loss=4.58004e-04  v1=0.01226  v30=0.00497  (5.6s)
epoch 1183  K= 7  loss=4.61122e-04  v1=0.01211  v30=0.00408  (5.6s)
epoch 1184  K= 7  loss=4.61964e-04  v1=0.01158  v30=0.00361  (5.5s)
epoch 1185  K= 7  loss=4.60789e-04  v1=0.01189  v30=0.00503  (5.5s)
epoch 1186  K= 7  loss=4.58739e-04  v1=0.01301  v30=0.00615  (5.4s)
epoch 1187  K= 7  loss=4.59872e-04  v1=0.01236  v30=0.00374  (5.6s)
epoch 1188  K= 7  loss=4.60952e-04  v1=0.01451  v30=0.00854  (5.6s)
epoch 1189  K= 7  loss=4.59636e-04  v1=0.01276  v30=0.00388  (6.0s)
epoch 1190  K= 7  loss=4.60355e-04  v1=0.01264  v30=0.00383  (5.5s)
epoch 1191  K= 7  loss=4.60297e-04  v1=0.01361  v30=0.00314  (5.7s)
epoch 1192  K= 7  loss=4.60359e-04  v1=0.01336  v30=0.00412  (5.4s)
epoch 1193  K= 7  loss=4.62162e-04  v1=0.01306  v30=0.00316  (5.8s)
epoch 1194  K= 7  loss=4.59855e-04  v1=0.01341  v30=0.00350  (6.0s)
epoch 1195  K= 7  loss=4.59236e-04  v1=0.01138  v30=0.00398  (6.0s)
epoch 1196  K= 7  loss=4.61411e-04  v1=0.01439  v30=0.00379  (5.5s)
epoch 1197  K= 7  loss=4.59922e-04  v1=0.01434  v30=0.00349  (5.6s)
epoch 1198  K= 7  loss=4.59178e-04  v1=0.01420  v30=0.00371  (5.6s)
epoch 1199  K= 7  loss=4.62490e-04  v1=0.01537  v30=0.00656  (5.7s)
epoch 1200  K= 7  loss=4.59347e-04  v1=0.01301  v30=0.00462  (5.8s)
epoch 1201  K= 7  loss=4.58449e-04  v1=0.01028  v30=0.00385  (5.4s)
epoch 1202  K= 7  loss=4.59986e-04  v1=0.01236  v30=0.00406  (5.6s)
epoch 1203  K= 7  loss=4.60051e-04  v1=0.01348  v30=0.00464  (5.4s)
epoch 1204  K= 7  loss=4.61400e-04  v1=0.01270  v30=0.00329  (5.5s)
epoch 1205  K= 7  loss=4.62674e-04  v1=0.01488  v30=0.00311  (5.5s)
epoch 1206  K= 7  loss=4.58668e-04  v1=0.01141  v30=0.00358  (5.6s)
epoch 1207  K= 7  loss=4.61943e-04  v1=0.01272  v30=0.00496  (5.6s)
epoch 1208  K= 7  loss=4.58099e-04  v1=0.01387  v30=0.00753  (5.6s)
epoch 1209  K= 7  loss=4.60749e-04  v1=0.01381  v30=0.00321  (5.7s)
epoch 1210  K= 7  loss=4.60013e-04  v1=0.01314  v30=0.00415  (5.8s)
epoch 1211  K= 7  loss=4.57435e-04  v1=0.01535  v30=0.00346  (5.4s)
epoch 1212  K= 7  loss=4.60323e-04  v1=0.01527  v30=0.01013  (5.5s)
epoch 1213  K= 7  loss=4.59785e-04  v1=0.01406  v30=0.00391  (5.4s)
epoch 1214  K= 7  loss=4.61335e-04  v1=0.01186  v30=0.00336  (5.7s)
epoch 1215  K= 7  loss=4.58535e-04  v1=0.01288  v30=0.00600  (5.5s)
epoch 1216  K= 7  loss=4.58778e-04  v1=0.01100  v30=0.00537  (5.8s)
epoch 1217  K= 7  loss=4.59398e-04  v1=0.01089  v30=0.00416  (5.7s)
epoch 1218  K= 7  loss=4.58028e-04  v1=0.01148  v30=0.00520  (5.7s)
epoch 1219  K= 7  loss=4.60477e-04  v1=0.01103  v30=0.00359  (5.4s)
epoch 1220  K= 7  loss=4.61776e-04  v1=0.01343  v30=0.00386  (5.7s)
epoch 1221  K= 7  loss=4.61280e-04  v1=0.01505  v30=0.00468  (5.4s)
epoch 1222  K= 7  loss=4.62831e-04  v1=0.01105  v30=0.00439  (5.6s)
epoch 1223  K= 7  loss=4.59704e-04  v1=0.01715  v30=0.00425  (5.7s)
epoch 1224  K= 7  loss=4.58298e-04  v1=0.01256  v30=0.00432  (5.7s)
epoch 1225  K= 7  loss=4.59165e-04  v1=0.01275  v30=0.00421  (5.4s)
epoch 1226  K= 7  loss=4.59332e-04  v1=0.01546  v30=0.00334  (5.6s)
epoch 1227  K= 7  loss=4.60367e-04  v1=0.01397  v30=0.00425  (5.5s)
epoch 1228  K= 7  loss=4.62282e-04  v1=0.01492  v30=0.00601  (5.6s)
epoch 1229  K= 7  loss=4.59660e-04  v1=0.01477  v30=0.00308  (5.8s)
epoch 1230  K= 7  loss=4.60303e-04  v1=0.01452  v30=0.00450  (5.5s)
epoch 1231  K= 7  loss=4.58783e-04  v1=0.01420  v30=0.00748  (5.5s)
epoch 1232  K= 7  loss=4.60987e-04  v1=0.01220  v30=0.00537  (5.6s)
epoch 1233  K= 7  loss=4.62099e-04  v1=0.01318  v30=0.00431  (5.6s)
epoch 1234  K= 7  loss=4.60766e-04  v1=0.01553  v30=0.00401  (5.6s)
epoch 1235  K= 7  loss=4.62401e-04  v1=0.01207  v30=0.00360  (5.7s)
epoch 1236  K= 7  loss=4.58802e-04  v1=0.01114  v30=0.00386  (5.5s)
epoch 1237  K= 7  loss=4.61598e-04  v1=0.01345  v30=0.00428  (5.5s)
epoch 1238  K= 7  loss=4.62461e-04  v1=0.01415  v30=0.00485  (5.5s)
epoch 1239  K= 7  loss=4.56741e-04  v1=0.01288  v30=0.00330  (5.6s)
epoch 1240  K= 7  loss=4.60013e-04  v1=0.01601  v30=0.00350  (5.6s)
epoch 1241  K= 7  loss=4.63593e-04  v1=0.01319  v30=0.00489  (5.5s)
epoch 1242  K= 7  loss=4.58954e-04  v1=0.01518  v30=0.00411  (5.6s)
epoch 1243  K= 7  loss=4.59932e-04  v1=0.01596  v30=0.01069  (5.3s)
epoch 1244  K= 7  loss=4.59012e-04  v1=0.01195  v30=0.00439  (5.6s)
epoch 1245  K= 7  loss=4.60471e-04  v1=0.01381  v30=0.00694  (5.7s)
epoch 1246  K= 7  loss=4.60484e-04  v1=0.01559  v30=0.00723  (5.7s)
epoch 1247  K= 7  loss=4.60056e-04  v1=0.01747  v30=0.00460  (5.1s)
epoch 1248  K= 7  loss=4.60836e-04  v1=0.01287  v30=0.00829  (5.3s)
epoch 1249  K= 7  loss=4.61888e-04  v1=0.01542  v30=0.00367  (5.2s)
epoch 1250  K= 7  loss=4.61704e-04  v1=0.01411  v30=0.00364  (5.4s)
epoch 1251  K= 7  loss=4.63131e-04  v1=0.01138  v30=0.00338  (5.5s)
epoch 1252  K= 7  loss=4.60832e-04  v1=0.01280  v30=0.00470  (5.6s)
epoch 1253  K= 7  loss=4.59445e-04  v1=0.01343  v30=0.00373  (5.7s)
epoch 1254  K= 7  loss=4.59993e-04  v1=0.01343  v30=0.00436  (5.5s)
epoch 1255  K= 7  loss=4.61584e-04  v1=0.01032  v30=0.00698  (5.1s)
epoch 1256  K= 7  loss=4.61356e-04  v1=0.01055  v30=0.00456  (5.6s)
epoch 1257  K= 7  loss=4.58358e-04  v1=0.01356  v30=0.00562  (5.7s)
epoch 1258  K= 7  loss=4.60389e-04  v1=0.01329  v30=0.00376  (5.8s)
epoch 1259  K= 7  loss=4.59813e-04  v1=0.01337  v30=0.00365  (5.7s)
epoch 1260  K= 7  loss=4.58865e-04  v1=0.01021  v30=0.00416  (5.6s)
epoch 1261  K= 7  loss=4.58477e-04  v1=0.01402  v30=0.00999  (5.6s)
epoch 1262  K= 7  loss=4.61160e-04  v1=0.01156  v30=0.00508  (5.5s)
epoch 1263  K= 7  loss=4.59098e-04  v1=0.01071  v30=0.00569  (5.4s)
epoch 1264  K= 7  loss=4.60075e-04  v1=0.01218  v30=0.00325  (5.7s)
epoch 1265  K= 7  loss=4.60433e-04  v1=0.01295  v30=0.00375  (5.6s)
epoch 1266  K= 7  loss=4.59581e-04  v1=0.01279  v30=0.00347  (5.7s)
epoch 1267  K= 7  loss=4.59077e-04  v1=0.01344  v30=0.00453  (5.6s)
epoch 1268  K= 7  loss=4.59543e-04  v1=0.01212  v30=0.00493  (5.5s)
epoch 1269  K= 7  loss=4.60455e-04  v1=0.01548  v30=0.00440  (5.4s)
epoch 1270  K= 7  loss=4.58364e-04  v1=0.01448  v30=0.00392  (5.4s)
epoch 1271  K= 7  loss=4.61301e-04  v1=0.01165  v30=0.00371  (5.5s)
epoch 1272  K= 7  loss=4.60787e-04  v1=0.01242  v30=0.00334  (5.5s)
epoch 1273  K= 7  loss=4.58840e-04  v1=0.01500  v30=0.00769  (5.3s)
epoch 1274  K= 7  loss=4.62187e-04  v1=0.01122  v30=0.00435  (5.6s)
epoch 1275  K= 7  loss=4.62081e-04  v1=0.01052  v30=0.00407  (5.4s)
epoch 1276  K= 7  loss=4.59406e-04  v1=0.01338  v30=0.00391  (5.6s)
epoch 1277  K= 7  loss=4.58015e-04  v1=0.01528  v30=0.00404  (5.7s)
epoch 1278  K= 7  loss=4.61513e-04  v1=0.01371  v30=0.00388  (5.5s)
epoch 1279  K= 7  loss=4.58525e-04  v1=0.01339  v30=0.00423  (5.5s)
epoch 1280  K= 7  loss=4.60698e-04  v1=0.01381  v30=0.00295  (5.8s)
epoch 1281  K= 7  loss=4.60859e-04  v1=0.01292  v30=0.00486  (5.5s)
epoch 1282  K= 7  loss=4.63653e-04  v1=0.01459  v30=0.00520  (5.6s)
epoch 1283  K= 7  loss=4.58614e-04  v1=0.01322  v30=0.00385  (5.5s)
epoch 1284  K= 7  loss=4.61911e-04  v1=0.01278  v30=0.00763  (5.5s)
epoch 1285  K= 7  loss=4.59282e-04  v1=0.01276  v30=0.00688  (5.4s)
epoch 1286  K= 7  loss=4.57862e-04  v1=0.01279  v30=0.00515  (5.5s)
epoch 1287  K= 7  loss=4.60687e-04  v1=0.01099  v30=0.00362  (5.5s)
epoch 1288  K= 7  loss=4.60398e-04  v1=0.01314  v30=0.00346  (6.0s)
epoch 1289  K= 7  loss=4.59591e-04  v1=0.01249  v30=0.00450  (5.6s)
epoch 1290  K= 7  loss=4.59923e-04  v1=0.01450  v30=0.00662  (5.6s)
epoch 1291  K= 7  loss=4.62053e-04  v1=0.01460  v30=0.00344  (5.5s)
epoch 1292  K= 7  loss=4.60297e-04  v1=0.01356  v30=0.00337  (5.6s)
epoch 1293  K= 7  loss=4.62174e-04  v1=0.01288  v30=0.00437  (5.6s)
epoch 1294  K= 7  loss=4.58705e-04  v1=0.01508  v30=0.00319  (5.6s)
epoch 1295  K= 7  loss=4.60373e-04  v1=0.01203  v30=0.00496  (5.7s)
epoch 1296  K= 7  loss=4.60481e-04  v1=0.01264  v30=0.00472  (5.7s)
epoch 1297  K= 7  loss=4.56144e-04  v1=0.01083  v30=0.00587  (5.6s)
epoch 1298  K= 7  loss=4.60400e-04  v1=0.01185  v30=0.00445  (5.9s)
epoch 1299  K= 7  loss=4.60277e-04  v1=0.01121  v30=0.00520  (5.4s)
epoch 1300  K= 7  loss=4.57104e-04  v1=0.01194  v30=0.00452  (5.4s)
epoch 1301  K= 7  loss=4.61003e-04  v1=0.01381  v30=0.00616  (5.3s)
epoch 1302  K= 7  loss=4.60216e-04  v1=0.01067  v30=0.00463  (5.5s)
epoch 1303  K= 7  loss=4.61743e-04  v1=0.01508  v30=0.00464  (5.5s)
epoch 1304  K= 7  loss=4.59523e-04  v1=0.01333  v30=0.00387  (5.6s)
epoch 1305  K= 7  loss=4.60085e-04  v1=0.01244  v30=0.00398  (5.6s)
epoch 1306  K= 7  loss=4.59148e-04  v1=0.01311  v30=0.00453  (6.1s)
epoch 1307  K= 7  loss=4.57998e-04  v1=0.01244  v30=0.00514  (5.5s)
epoch 1308  K= 7  loss=4.59662e-04  v1=0.01286  v30=0.00841  (5.5s)
epoch 1309  K= 7  loss=4.61648e-04  v1=0.01468  v30=0.00452  (5.5s)
epoch 1310  K= 7  loss=4.59844e-04  v1=0.01144  v30=0.00317  (5.6s)
epoch 1311  K= 7  loss=4.60965e-04  v1=0.01334  v30=0.00348  (5.5s)
epoch 1312  K= 7  loss=4.58672e-04  v1=0.01282  v30=0.00626  (5.5s)
epoch 1313  K= 7  loss=4.59875e-04  v1=0.01204  v30=0.00440  (5.5s)
epoch 1314  K= 7  loss=4.58166e-04  v1=0.01167  v30=0.00437  (5.4s)
epoch 1315  K= 7  loss=4.61792e-04  v1=0.01229  v30=0.00426  (5.5s)
epoch 1316  K= 7  loss=4.59334e-04  v1=0.01290  v30=0.00382  (5.7s)
epoch 1317  K= 7  loss=4.59547e-04  v1=0.01359  v30=0.00410  (5.6s)
epoch 1318  K= 7  loss=4.60942e-04  v1=0.01141  v30=0.00330  (5.6s)
epoch 1319  K= 7  loss=4.59835e-04  v1=0.01266  v30=0.00392  (5.3s)
epoch 1320  K= 7  loss=4.57423e-04  v1=0.01484  v30=0.00718  (5.1s)
epoch 1321  K= 7  loss=4.58655e-04  v1=0.01161  v30=0.00402  (5.4s)
epoch 1322  K= 7  loss=4.60474e-04  v1=0.01159  v30=0.00396  (5.5s)
epoch 1323  K= 7  loss=4.61238e-04  v1=0.01398  v30=0.00441  (5.2s)
epoch 1324  K= 7  loss=4.60765e-04  v1=0.01194  v30=0.00348  (5.3s)
epoch 1325  K= 7  loss=4.60272e-04  v1=0.01586  v30=0.00515  (5.6s)
epoch 1326  K= 7  loss=4.59775e-04  v1=0.01366  v30=0.00463  (5.5s)
epoch 1327  K= 7  loss=4.60406e-04  v1=0.01240  v30=0.00527  (5.4s)
epoch 1328  K= 7  loss=4.60044e-04  v1=0.01152  v30=0.00413  (5.5s)
epoch 1329  K= 7  loss=4.60618e-04  v1=0.01635  v30=0.00361  (5.6s)
epoch 1330  K= 7  loss=4.61209e-04  v1=0.01098  v30=0.00516  (5.5s)
epoch 1331  K= 7  loss=4.59361e-04  v1=0.01039  v30=0.00357  (5.4s)
epoch 1332  K= 7  loss=4.60863e-04  v1=0.01171  v30=0.00366  (5.8s)
epoch 1333  K= 7  loss=4.60248e-04  v1=0.01591  v30=0.00569  (5.6s)
epoch 1334  K= 7  loss=4.59187e-04  v1=0.01094  v30=0.00354  (5.6s)
epoch 1335  K= 7  loss=4.60193e-04  v1=0.01297  v30=0.00365  (5.6s)
epoch 1336  K= 7  loss=4.59685e-04  v1=0.01162  v30=0.00436  (5.6s)
epoch 1337  K= 7  loss=4.60333e-04  v1=0.01559  v30=0.00334  (5.9s)
epoch 1338  K= 7  loss=4.63352e-04  v1=0.01011  v30=0.00306  (5.6s)
epoch 1339  K= 7  loss=4.58240e-04  v1=0.01384  v30=0.00304  (5.4s)
epoch 1340  K= 7  loss=4.58638e-04  v1=0.01112  v30=0.00473  (5.6s)
epoch 1341  K= 7  loss=4.60959e-04  v1=0.01996  v30=0.00376  (5.6s)
epoch 1342  K= 7  loss=4.60640e-04  v1=0.01294  v30=0.00396  (5.6s)
epoch 1343  K= 7  loss=4.60471e-04  v1=0.01410  v30=0.00363  (5.5s)
epoch 1344  K= 7  loss=4.59424e-04  v1=0.01495  v30=0.00409  (5.5s)
epoch 1345  K= 7  loss=4.59740e-04  v1=0.01593  v30=0.00536  (5.4s)
epoch 1346  K= 7  loss=4.60503e-04  v1=0.01144  v30=0.00426  (5.7s)
epoch 1347  K= 7  loss=4.60345e-04  v1=0.01778  v30=0.00558  (5.6s)
epoch 1348  K= 7  loss=4.60179e-04  v1=0.01440  v30=0.00316  (5.6s)
epoch 1349  K= 7  loss=4.59880e-04  v1=0.01409  v30=0.00327  (5.6s)
epoch 1350  K= 7  loss=4.60098e-04  v1=0.01081  v30=0.00489  (5.7s)
epoch 1351  K= 7  loss=4.60262e-04  v1=0.01304  v30=0.00392  (5.4s)
epoch 1352  K= 7  loss=4.59566e-04  v1=0.01059  v30=0.00685  (5.4s)
epoch 1353  K= 7  loss=4.61660e-04  v1=0.01492  v30=0.00579  (5.4s)
epoch 1354  K= 7  loss=4.57854e-04  v1=0.01404  v30=0.00754  (5.5s)
epoch 1355  K= 7  loss=4.59422e-04  v1=0.01333  v30=0.00675  (5.5s)
epoch 1356  K= 7  loss=4.59919e-04  v1=0.01185  v30=0.00538  (5.7s)
epoch 1357  K= 7  loss=4.60002e-04  v1=0.01334  v30=0.00422  (5.3s)
epoch 1358  K= 7  loss=4.57891e-04  v1=0.01407  v30=0.00375  (5.5s)
epoch 1359  K= 7  loss=4.60235e-04  v1=0.01014  v30=0.00368  (5.4s)
epoch 1360  K= 7  loss=4.60673e-04  v1=0.01125  v30=0.00620  (5.3s)
epoch 1361  K= 7  loss=4.60845e-04  v1=0.01401  v30=0.00742  (5.6s)
epoch 1362  K= 7  loss=4.61138e-04  v1=0.01263  v30=0.00448  (5.5s)
epoch 1363  K= 7  loss=4.62750e-04  v1=0.01554  v30=0.00668  (5.5s)
epoch 1364  K= 7  loss=4.60853e-04  v1=0.01205  v30=0.00363  (5.8s)
epoch 1365  K= 7  loss=4.59423e-04  v1=0.01175  v30=0.00396  (5.8s)
epoch 1366  K= 7  loss=4.60776e-04  v1=0.01316  v30=0.00471  (5.7s)
epoch 1367  K= 7  loss=4.58695e-04  v1=0.01652  v30=0.00547  (5.6s)
epoch 1368  K= 7  loss=4.59799e-04  v1=0.01651  v30=0.00427  (5.7s)
epoch 1369  K= 7  loss=4.59383e-04  v1=0.01606  v30=0.00485  (6.2s)
epoch 1370  K= 7  loss=4.62327e-04  v1=0.01396  v30=0.00345  (6.2s)
epoch 1371  K= 7  loss=4.60303e-04  v1=0.01557  v30=0.00484  (7.3s)
epoch 1372  K= 7  loss=4.61511e-04  v1=0.01335  v30=0.00373  (6.7s)
epoch 1373  K= 7  loss=4.59535e-04  v1=0.01462  v30=0.00774  (7.5s)
epoch 1374  K= 7  loss=4.60603e-04  v1=0.01457  v30=0.00355  (7.5s)
epoch 1375  K= 7  loss=4.59596e-04  v1=0.01253  v30=0.00580  (6.7s)
epoch 1376  K= 7  loss=4.60095e-04  v1=0.01214  v30=0.00338  (6.5s)
epoch 1377  K= 7  loss=4.58641e-04  v1=0.01455  v30=0.00332  (6.6s)
epoch 1378  K= 7  loss=4.59157e-04  v1=0.01303  v30=0.00423  (6.3s)
epoch 1379  K= 7  loss=4.60898e-04  v1=0.01257  v30=0.00368  (7.1s)
epoch 1380  K= 7  loss=4.60454e-04  v1=0.01433  v30=0.00380  (6.6s)
epoch 1381  K= 7  loss=4.57492e-04  v1=0.01451  v30=0.00469  (6.6s)
epoch 1382  K= 7  loss=4.61037e-04  v1=0.01205  v30=0.00413  (6.6s)
epoch 1383  K= 7  loss=4.61043e-04  v1=0.01353  v30=0.00477  (6.5s)
epoch 1384  K= 7  loss=4.58651e-04  v1=0.01263  v30=0.00430  (6.7s)
epoch 1385  K= 7  loss=4.57956e-04  v1=0.01522  v30=0.00317  (6.6s)
epoch 1386  K= 7  loss=4.59547e-04  v1=0.01085  v30=0.00372  (6.6s)
epoch 1387  K= 7  loss=4.61276e-04  v1=0.01305  v30=0.00335  (6.3s)
epoch 1388  K= 7  loss=4.61709e-04  v1=0.01133  v30=0.00369  (6.1s)
epoch 1389  K= 7  loss=4.58551e-04  v1=0.01189  v30=0.00409  (6.0s)
epoch 1390  K= 7  loss=4.59364e-04  v1=0.01148  v30=0.00493  (6.0s)
epoch 1391  K= 7  loss=4.58078e-04  v1=0.01317  v30=0.00382  (6.1s)
epoch 1392  K= 7  loss=4.61476e-04  v1=0.01443  v30=0.00385  (6.1s)
epoch 1393  K= 7  loss=4.61281e-04  v1=0.01116  v30=0.00352  (6.0s)
epoch 1394  K= 7  loss=4.59921e-04  v1=0.01498  v30=0.00349  (6.5s)
epoch 1395  K= 7  loss=4.58736e-04  v1=0.01385  v30=0.00377  (6.1s)
epoch 1396  K= 7  loss=4.59852e-04  v1=0.01359  v30=0.00321  (6.0s)
epoch 1397  K= 7  loss=4.59372e-04  v1=0.01123  v30=0.00500  (6.0s)
epoch 1398  K= 7  loss=4.58370e-04  v1=0.01208  v30=0.00391  (6.0s)
epoch 1399  K= 7  loss=4.58204e-04  v1=0.01379  v30=0.00433  (6.3s)
epoch 1400  K= 7  loss=4.59237e-04  v1=0.01428  v30=0.00772  (6.5s)
epoch 1401  K= 7  loss=4.58348e-04  v1=0.01298  v30=0.00481  (6.1s)
epoch 1402  K= 7  loss=4.59124e-04  v1=0.01433  v30=0.00454  (6.0s)
epoch 1403  K= 7  loss=4.60045e-04  v1=0.01179  v30=0.00836  (6.2s)
epoch 1404  K= 7  loss=4.57871e-04  v1=0.01213  v30=0.00336  (6.1s)
epoch 1405  K= 7  loss=4.58144e-04  v1=0.01182  v30=0.00307  (5.9s)
epoch 1406  K= 7  loss=4.60634e-04  v1=0.01134  v30=0.00366  (6.0s)
epoch 1407  K= 7  loss=4.59936e-04  v1=0.01531  v30=0.00386  (6.0s)
epoch 1408  K= 7  loss=4.62262e-04  v1=0.01290  v30=0.00907  (6.0s)
epoch 1409  K= 7  loss=4.60319e-04  v1=0.01298  v30=0.00340  (6.0s)
epoch 1410  K= 7  loss=4.58679e-04  v1=0.01043  v30=0.00839  (6.0s)
epoch 1411  K= 7  loss=4.61359e-04  v1=0.01354  v30=0.00585  (6.0s)
epoch 1412  K= 7  loss=4.60092e-04  v1=0.01321  v30=0.00428  (6.4s)
epoch 1413  K= 7  loss=4.62108e-04  v1=0.01406  v30=0.00392  (6.8s)
epoch 1414  K= 7  loss=4.60445e-04  v1=0.01310  v30=0.00430  (6.5s)
epoch 1415  K= 7  loss=4.61459e-04  v1=0.01348  v30=0.00585  (6.6s)
epoch 1416  K= 7  loss=4.61043e-04  v1=0.01309  v30=0.00336  (6.6s)
epoch 1417  K= 7  loss=4.60802e-04  v1=0.01284  v30=0.00478  (6.0s)
epoch 1418  K= 7  loss=4.61961e-04  v1=0.01390  v30=0.00408  (6.0s)
epoch 1419  K= 7  loss=4.60928e-04  v1=0.01095  v30=0.00609  (6.0s)
epoch 1420  K= 7  loss=4.61147e-04  v1=0.01290  v30=0.00711  (6.2s)
epoch 1421  K= 7  loss=4.60714e-04  v1=0.01072  v30=0.00497  (6.0s)
epoch 1422  K= 7  loss=4.60701e-04  v1=0.01327  v30=0.00373  (6.1s)
epoch 1423  K= 7  loss=4.59107e-04  v1=0.01428  v30=0.00559  (6.0s)
epoch 1424  K= 7  loss=4.60821e-04  v1=0.01466  v30=0.00350  (6.0s)
epoch 1425  K= 7  loss=4.61763e-04  v1=0.01134  v30=0.00306  (6.0s)
epoch 1426  K= 7  loss=4.58395e-04  v1=0.01381  v30=0.00407  (6.0s)
epoch 1427  K= 7  loss=4.59155e-04  v1=0.01341  v30=0.00604  (6.2s)
epoch 1428  K= 7  loss=4.59027e-04  v1=0.01133  v30=0.00624  (6.4s)
epoch 1429  K= 7  loss=4.60483e-04  v1=0.01064  v30=0.00412  (6.3s)
epoch 1430  K= 7  loss=4.59575e-04  v1=0.01130  v30=0.00321  (6.0s)
epoch 1431  K= 7  loss=4.61138e-04  v1=0.01320  v30=0.00577  (6.0s)
epoch 1432  K= 7  loss=4.59800e-04  v1=0.01469  v30=0.00368  (7.1s)
epoch 1433  K= 7  loss=4.63031e-04  v1=0.01331  v30=0.00429  (7.0s)
epoch 1434  K= 7  loss=4.59962e-04  v1=0.01375  v30=0.00394  (7.2s)
epoch 1435  K= 7  loss=4.60238e-04  v1=0.01707  v30=0.00349  (6.2s)
epoch 1436  K= 7  loss=4.59968e-04  v1=0.01381  v30=0.00415  (6.0s)
epoch 1437  K= 7  loss=4.58572e-04  v1=0.01666  v30=0.00355  (6.1s)
epoch 1438  K= 7  loss=4.60058e-04  v1=0.01173  v30=0.00442  (6.1s)
epoch 1439  K= 7  loss=4.58777e-04  v1=0.01227  v30=0.00395  (6.5s)
epoch 1440  K= 7  loss=4.57866e-04  v1=0.01182  v30=0.00354  (6.2s)
epoch 1441  K= 7  loss=4.59757e-04  v1=0.01153  v30=0.00564  (6.0s)
epoch 1442  K= 7  loss=4.60015e-04  v1=0.01178  v30=0.00309  (6.0s)
epoch 1443  K= 7  loss=4.60148e-04  v1=0.01248  v30=0.00534  (6.1s)
epoch 1444  K= 7  loss=4.58906e-04  v1=0.01417  v30=0.00400  (6.0s)
epoch 1445  K= 7  loss=4.61641e-04  v1=0.01319  v30=0.00414  (6.0s)
epoch 1446  K= 7  loss=4.60876e-04  v1=0.01378  v30=0.00743  (6.1s)
epoch 1447  K= 7  loss=4.60954e-04  v1=0.01705  v30=0.00424  (6.0s)
epoch 1448  K= 7  loss=4.61635e-04  v1=0.01335  v30=0.00384  (6.1s)
epoch 1449  K= 7  loss=4.58779e-04  v1=0.01366  v30=0.00506  (6.0s)
epoch 1450  K= 7  loss=4.59226e-04  v1=0.01404  v30=0.00381  (6.0s)
epoch 1451  K= 7  loss=4.59500e-04  v1=0.01398  v30=0.00392  (6.1s)
epoch 1452  K= 7  loss=4.60973e-04  v1=0.01529  v30=0.00425  (6.1s)
epoch 1453  K= 7  loss=4.57814e-04  v1=0.01083  v30=0.00334  (6.1s)
epoch 1454  K= 7  loss=4.59426e-04  v1=0.01290  v30=0.01161  (6.0s)
epoch 1455  K= 7  loss=4.61245e-04  v1=0.01238  v30=0.00682  (6.0s)
epoch 1456  K= 7  loss=4.59735e-04  v1=0.01270  v30=0.00730  (6.0s)
epoch 1457  K= 7  loss=4.60440e-04  v1=0.01576  v30=0.00423  (6.0s)
epoch 1458  K= 7  loss=4.61329e-04  v1=0.01023  v30=0.00504  (6.5s)
epoch 1459  K= 7  loss=4.60471e-04  v1=0.01286  v30=0.00349  (6.4s)
epoch 1460  K= 7  loss=4.62150e-04  v1=0.01154  v30=0.00368  (6.0s)
epoch 1461  K= 7  loss=4.61513e-04  v1=0.01187  v30=0.00737  (6.1s)
epoch 1462  K= 7  loss=4.61220e-04  v1=0.01453  v30=0.00580  (6.2s)
epoch 1463  K= 7  loss=4.59431e-04  v1=0.01167  v30=0.00322  (6.0s)
epoch 1464  K= 7  loss=4.58664e-04  v1=0.01185  v30=0.00365  (6.0s)
epoch 1465  K= 7  loss=4.58660e-04  v1=0.01295  v30=0.00457  (6.0s)
epoch 1466  K= 7  loss=4.58444e-04  v1=0.01117  v30=0.00371  (6.0s)
epoch 1467  K= 7  loss=4.60249e-04  v1=0.01153  v30=0.00369  (6.0s)
epoch 1468  K= 7  loss=4.59957e-04  v1=0.01374  v30=0.00331  (6.0s)
epoch 1469  K= 7  loss=4.58452e-04  v1=0.01189  v30=0.00443  (6.2s)
epoch 1470  K= 7  loss=4.61279e-04  v1=0.01175  v30=0.00533  (6.1s)
epoch 1471  K= 7  loss=4.58616e-04  v1=0.01395  v30=0.00327  (6.0s)
epoch 1472  K= 7  loss=4.59236e-04  v1=0.01284  v30=0.00581  (6.0s)
epoch 1473  K= 7  loss=4.61190e-04  v1=0.01416  v30=0.00525  (6.0s)
epoch 1474  K= 7  loss=4.62123e-04  v1=0.01282  v30=0.00452  (6.3s)
epoch 1475  K= 7  loss=4.58396e-04  v1=0.01295  v30=0.00346  (6.2s)
epoch 1476  K= 7  loss=4.62448e-04  v1=0.01282  v30=0.00426  (6.2s)
epoch 1477  K= 7  loss=4.61644e-04  v1=0.01572  v30=0.00402  (6.2s)
epoch 1478  K= 7  loss=4.58902e-04  v1=0.01455  v30=0.00524  (6.8s)
epoch 1479  K= 7  loss=4.58329e-04  v1=0.01218  v30=0.00421  (6.8s)
epoch 1480  K= 7  loss=4.59011e-04  v1=0.01356  v30=0.00643  (6.8s)
epoch 1481  K= 7  loss=4.61709e-04  v1=0.01329  v30=0.00341  (6.8s)
epoch 1482  K= 7  loss=4.59890e-04  v1=0.01533  v30=0.00737  (6.8s)
epoch 1483  K= 7  loss=4.59454e-04  v1=0.01465  v30=0.00427  (6.8s)
epoch 1484  K= 7  loss=4.60455e-04  v1=0.01469  v30=0.00339  (6.8s)
epoch 1485  K= 7  loss=4.59096e-04  v1=0.01335  v30=0.00714  (6.8s)
epoch 1486  K= 7  loss=4.59351e-04  v1=0.01204  v30=0.00357  (6.9s)
epoch 1487  K= 7  loss=4.61017e-04  v1=0.01330  v30=0.00350  (6.8s)
epoch 1488  K= 7  loss=4.59571e-04  v1=0.01601  v30=0.00349  (6.7s)
epoch 1489  K= 7  loss=4.59944e-04  v1=0.01470  v30=0.00667  (6.0s)
epoch 1490  K= 7  loss=4.57418e-04  v1=0.01165  v30=0.00777  (6.2s)
epoch 1491  K= 7  loss=4.58850e-04  v1=0.01369  v30=0.00404  (6.1s)
epoch 1492  K= 7  loss=4.58308e-04  v1=0.01397  v30=0.00381  (6.0s)
epoch 1493  K= 7  loss=4.60960e-04  v1=0.01340  v30=0.00297  (6.1s)
epoch 1494  K= 7  loss=4.58466e-04  v1=0.01313  v30=0.00408  (6.0s)
epoch 1495  K= 7  loss=4.60103e-04  v1=0.01140  v30=0.00435  (6.0s)
epoch 1496  K= 7  loss=4.60817e-04  v1=0.01318  v30=0.00491  (6.0s)
epoch 1497  K= 7  loss=4.59321e-04  v1=0.01272  v30=0.00386  (6.1s)
epoch 1498  K= 7  loss=4.59903e-04  v1=0.01369  v30=0.00584  (6.2s)
epoch 1499  K= 7  loss=4.58900e-04  v1=0.01187  v30=0.00363  (6.3s)
epoch 1500  K= 7  loss=4.59925e-04  v1=0.01667  v30=0.00422  (6.5s)
epoch 1501  K= 7  loss=4.58379e-04  v1=0.01617  v30=0.00352  (6.0s)
epoch 1502  K= 7  loss=4.60417e-04  v1=0.01329  v30=0.00383  (6.2s)
epoch 1503  K= 7  loss=4.62415e-04  v1=0.01818  v30=0.00388  (6.0s)
epoch 1504  K= 7  loss=4.58950e-04  v1=0.00988  v30=0.00549  (6.0s)
epoch 1505  K= 7  loss=4.60016e-04  v1=0.01282  v30=0.00402  (6.0s)
epoch 1506  K= 7  loss=4.58392e-04  v1=0.01252  v30=0.00419  (6.0s)
epoch 1507  K= 7  loss=4.59858e-04  v1=0.01285  v30=0.00486  (6.0s)
epoch 1508  K= 7  loss=4.60007e-04  v1=0.01553  v30=0.00366  (6.2s)
epoch 1509  K= 7  loss=4.58898e-04  v1=0.01287  v30=0.00334  (6.6s)
epoch 1510  K= 7  loss=4.58260e-04  v1=0.01320  v30=0.00350  (6.2s)
epoch 1511  K= 7  loss=4.62047e-04  v1=0.01476  v30=0.00332  (6.0s)
epoch 1512  K= 7  loss=4.61327e-04  v1=0.01378  v30=0.00352  (6.0s)
epoch 1513  K= 7  loss=4.61348e-04  v1=0.01556  v30=0.00384  (6.0s)
epoch 1514  K= 7  loss=4.62108e-04  v1=0.01403  v30=0.00628  (6.0s)
epoch 1515  K= 7  loss=4.59368e-04  v1=0.01499  v30=0.00579  (5.9s)
epoch 1516  K= 7  loss=4.58872e-04  v1=0.01223  v30=0.00388  (6.0s)
epoch 1517  K= 7  loss=4.59121e-04  v1=0.01305  v30=0.00747  (6.0s)
epoch 1518  K= 7  loss=4.60976e-04  v1=0.01208  v30=0.00331  (6.0s)
epoch 1519  K= 7  loss=4.58770e-04  v1=0.01092  v30=0.00480  (6.0s)
epoch 1520  K= 7  loss=4.59901e-04  v1=0.01540  v30=0.00344  (6.1s)
epoch 1521  K= 7  loss=4.58405e-04  v1=0.01288  v30=0.00474  (6.1s)
epoch 1522  K= 7  loss=4.61874e-04  v1=0.01481  v30=0.00539  (6.0s)
epoch 1523  K= 7  loss=4.58308e-04  v1=0.01481  v30=0.00518  (6.0s)
epoch 1524  K= 7  loss=4.59527e-04  v1=0.01415  v30=0.00479  (6.0s)
epoch 1525  K= 7  loss=4.60271e-04  v1=0.01357  v30=0.00349  (6.1s)
epoch 1526  K= 7  loss=4.61368e-04  v1=0.01230  v30=0.00533  (6.5s)
epoch 1527  K= 7  loss=4.57568e-04  v1=0.01315  v30=0.00418  (6.3s)
epoch 1528  K= 7  loss=4.62882e-04  v1=0.01460  v30=0.00386  (6.1s)
epoch 1529  K= 7  loss=4.59471e-04  v1=0.01322  v30=0.00431  (6.1s)
epoch 1530  K= 7  loss=4.61488e-04  v1=0.01120  v30=0.00541  (6.3s)
epoch 1531  K= 7  loss=4.60548e-04  v1=0.01168  v30=0.00378  (6.7s)
epoch 1532  K= 7  loss=4.59036e-04  v1=0.01212  v30=0.00444  (6.9s)
epoch 1533  K= 7  loss=4.59512e-04  v1=0.01193  v30=0.00521  (6.9s)
epoch 1534  K= 7  loss=4.61768e-04  v1=0.01306  v30=0.00368  (6.8s)
epoch 1535  K= 7  loss=4.59316e-04  v1=0.01371  v30=0.00431  (6.2s)
epoch 1536  K= 7  loss=4.60640e-04  v1=0.01213  v30=0.00324  (6.6s)
epoch 1537  K= 7  loss=4.58758e-04  v1=0.01417  v30=0.00319  (6.6s)
epoch 1538  K= 7  loss=4.61049e-04  v1=0.01489  v30=0.00939  (6.2s)
epoch 1539  K= 7  loss=4.60676e-04  v1=0.01142  v30=0.00459  (6.2s)
epoch 1540  K= 7  loss=4.60124e-04  v1=0.01205  v30=0.00806  (6.1s)
epoch 1541  K= 7  loss=4.59171e-04  v1=0.01375  v30=0.00877  (6.0s)
epoch 1542  K= 7  loss=4.58682e-04  v1=0.01475  v30=0.00430  (6.2s)
epoch 1543  K= 7  loss=4.60671e-04  v1=0.01514  v30=0.00410  (6.2s)
epoch 1544  K= 7  loss=4.61830e-04  v1=0.01389  v30=0.00626  (6.1s)
epoch 1545  K= 7  loss=4.60974e-04  v1=0.01262  v30=0.00471  (6.0s)
epoch 1546  K= 7  loss=4.61012e-04  v1=0.01380  v30=0.00458  (5.9s)
epoch 1547  K= 7  loss=4.60488e-04  v1=0.01199  v30=0.00507  (6.0s)
epoch 1548  K= 7  loss=4.62451e-04  v1=0.01488  v30=0.00448  (6.0s)
epoch 1549  K= 7  loss=4.61369e-04  v1=0.01548  v30=0.00440  (6.1s)
epoch 1550  K= 7  loss=4.60874e-04  v1=0.01361  v30=0.00330  (6.1s)
epoch 1551  K= 7  loss=4.59527e-04  v1=0.01113  v30=0.00511  (6.2s)
epoch 1552  K= 7  loss=4.60927e-04  v1=0.01181  v30=0.00395  (6.1s)
epoch 1553  K= 7  loss=4.61346e-04  v1=0.01587  v30=0.00577  (7.0s)
epoch 1554  K= 7  loss=4.60953e-04  v1=0.01228  v30=0.00632  (6.0s)
epoch 1555  K= 7  loss=4.61047e-04  v1=0.01420  v30=0.00374  (6.1s)
epoch 1556  K= 7  loss=4.58657e-04  v1=0.01439  v30=0.00415  (6.6s)
epoch 1557  K= 7  loss=4.62965e-04  v1=0.01335  v30=0.00360  (6.2s)
epoch 1558  K= 7  loss=4.60254e-04  v1=0.01164  v30=0.00459  (6.1s)
epoch 1559  K= 7  loss=4.60017e-04  v1=0.01435  v30=0.00537  (6.0s)
epoch 1560  K= 7  loss=4.60365e-04  v1=0.01415  v30=0.00375  (6.0s)
epoch 1561  K= 7  loss=4.62760e-04  v1=0.01448  v30=0.00334  (6.0s)
epoch 1562  K= 7  loss=4.58658e-04  v1=0.01759  v30=0.00679  (6.1s)
epoch 1563  K= 7  loss=4.57913e-04  v1=0.01160  v30=0.00535  (6.1s)
epoch 1564  K= 7  loss=4.62108e-04  v1=0.01227  v30=0.00329  (6.1s)
epoch 1565  K= 7  loss=4.58599e-04  v1=0.01061  v30=0.00499  (6.5s)
epoch 1566  K= 7  loss=4.58261e-04  v1=0.01234  v30=0.00569  (7.2s)
epoch 1567  K= 7  loss=4.59563e-04  v1=0.01517  v30=0.00397  (7.0s)
epoch 1568  K= 7  loss=4.60093e-04  v1=0.01208  v30=0.00387  (7.0s)
epoch 1569  K= 7  loss=4.60239e-04  v1=0.01835  v30=0.00332  (7.2s)
epoch 1570  K= 7  loss=4.57826e-04  v1=0.01233  v30=0.00292  (6.9s)
epoch 1571  K= 7  loss=4.60586e-04  v1=0.01354  v30=0.00372  (7.2s)
epoch 1572  K= 7  loss=4.61791e-04  v1=0.01372  v30=0.00319  (7.1s)
epoch 1573  K= 7  loss=4.59181e-04  v1=0.01452  v30=0.00468  (7.2s)
epoch 1574  K= 7  loss=4.58924e-04  v1=0.01187  v30=0.00440  (6.5s)
epoch 1575  K= 7  loss=4.60977e-04  v1=0.01402  v30=0.00594  (7.1s)
epoch 1576  K= 7  loss=4.60107e-04  v1=0.01428  v30=0.00323  (7.2s)
epoch 1577  K= 7  loss=4.60961e-04  v1=0.01190  v30=0.00503  (7.1s)
epoch 1578  K= 7  loss=4.58987e-04  v1=0.01039  v30=0.00312  (6.7s)
epoch 1579  K= 7  loss=4.59187e-04  v1=0.01062  v30=0.00430  (6.0s)
epoch 1580  K= 7  loss=4.58535e-04  v1=0.01565  v30=0.00482  (6.0s)
epoch 1581  K= 7  loss=4.59593e-04  v1=0.01445  v30=0.00355  (6.0s)
epoch 1582  K= 7  loss=4.59818e-04  v1=0.01260  v30=0.00368  (6.0s)
epoch 1583  K= 7  loss=4.59510e-04  v1=0.01302  v30=0.01130  (6.0s)
epoch 1584  K= 7  loss=4.59772e-04  v1=0.01534  v30=0.00354  (6.0s)
epoch 1585  K= 7  loss=4.59778e-04  v1=0.01151  v30=0.00739  (6.0s)
epoch 1586  K= 7  loss=4.61981e-04  v1=0.01374  v30=0.00675  (6.0s)
epoch 1587  K= 7  loss=4.58206e-04  v1=0.01500  v30=0.00393  (6.0s)
epoch 1588  K= 7  loss=4.58133e-04  v1=0.01362  v30=0.00451  (6.2s)
epoch 1589  K= 7  loss=4.59901e-04  v1=0.01582  v30=0.00303  (7.0s)
epoch 1590  K= 7  loss=4.58163e-04  v1=0.01314  v30=0.00424  (7.2s)
epoch 1591  K= 7  loss=4.58849e-04  v1=0.01372  v30=0.00351  (7.0s)
epoch 1592  K= 7  loss=4.59449e-04  v1=0.01423  v30=0.00457  (6.9s)
epoch 1593  K= 7  loss=4.56793e-04  v1=0.01151  v30=0.00506  (6.7s)
epoch 1594  K= 7  loss=4.60743e-04  v1=0.01363  v30=0.00441  (7.0s)
epoch 1595  K= 7  loss=4.59459e-04  v1=0.01322  v30=0.00506  (7.2s)
epoch 1596  K= 7  loss=4.61558e-04  v1=0.01267  v30=0.00388  (7.1s)
epoch 1597  K= 7  loss=4.59260e-04  v1=0.01351  v30=0.00426  (7.1s)
epoch 1598  K= 7  loss=4.58221e-04  v1=0.01180  v30=0.00409  (6.4s)
epoch 1599  K= 7  loss=4.57238e-04  v1=0.01317  v30=0.00386  (6.0s)
epoch 1600  K= 7  loss=4.58845e-04  v1=0.01503  v30=0.00331  (6.1s)
epoch 1601  K= 7  loss=4.59657e-04  v1=0.01338  v30=0.00414  (6.0s)
epoch 1602  K= 7  loss=4.60325e-04  v1=0.01400  v30=0.00376  (6.0s)
epoch 1603  K= 7  loss=4.60438e-04  v1=0.01070  v30=0.00407  (6.2s)
epoch 1604  K= 7  loss=4.59632e-04  v1=0.01365  v30=0.00492  (6.8s)
epoch 1605  K= 7  loss=4.60667e-04  v1=0.01296  v30=0.00344  (6.7s)
epoch 1606  K= 7  loss=4.59125e-04  v1=0.01465  v30=0.00532  (6.1s)
epoch 1607  K= 7  loss=4.60191e-04  v1=0.01357  v30=0.00388  (6.1s)
epoch 1608  K= 7  loss=4.60926e-04  v1=0.01262  v30=0.00431  (6.2s)
epoch 1609  K= 7  loss=4.59447e-04  v1=0.01318  v30=0.00362  (6.1s)
epoch 1610  K= 7  loss=4.58378e-04  v1=0.01400  v30=0.00422  (6.0s)
epoch 1611  K= 7  loss=4.57952e-04  v1=0.01199  v30=0.00326  (6.5s)
epoch 1612  K= 7  loss=4.59573e-04  v1=0.01111  v30=0.00359  (6.3s)
epoch 1613  K= 7  loss=4.60224e-04  v1=0.01329  v30=0.00344  (6.1s)
epoch 1614  K= 7  loss=4.60925e-04  v1=0.01135  v30=0.00595  (6.0s)
epoch 1615  K= 7  loss=4.59136e-04  v1=0.01332  v30=0.00978  (6.0s)
epoch 1616  K= 7  loss=4.58699e-04  v1=0.01409  v30=0.00857  (6.0s)
epoch 1617  K= 7  loss=4.59387e-04  v1=0.01500  v30=0.00697  (6.1s)
epoch 1618  K= 7  loss=4.63286e-04  v1=0.01174  v30=0.00377  (6.3s)
epoch 1619  K= 7  loss=4.58104e-04  v1=0.01401  v30=0.00380  (7.1s)
epoch 1620  K= 7  loss=4.62333e-04  v1=0.01528  v30=0.00300  (7.1s)
epoch 1621  K= 7  loss=4.60211e-04  v1=0.01478  v30=0.00393  (6.0s)
epoch 1622  K= 7  loss=4.60270e-04  v1=0.00909  v30=0.00319  (6.1s)
epoch 1623  K= 7  loss=4.60604e-04  v1=0.01578  v30=0.00571  (6.5s)
epoch 1624  K= 7  loss=4.59650e-04  v1=0.01109  v30=0.01060  (6.2s)
epoch 1625  K= 7  loss=4.59872e-04  v1=0.01277  v30=0.00325  (6.7s)
epoch 1626  K= 7  loss=4.56548e-04  v1=0.01192  v30=0.00533  (6.6s)
epoch 1627  K= 7  loss=4.60504e-04  v1=0.01060  v30=0.00447  (6.3s)
epoch 1628  K= 7  loss=4.60717e-04  v1=0.01248  v30=0.00332  (6.2s)
epoch 1629  K= 7  loss=4.58669e-04  v1=0.01125  v30=0.00346  (6.0s)
epoch 1630  K= 7  loss=4.60211e-04  v1=0.01218  v30=0.00325  (6.1s)
epoch 1631  K= 7  loss=4.59226e-04  v1=0.01215  v30=0.00532  (6.6s)
epoch 1632  K= 7  loss=4.59370e-04  v1=0.01260  v30=0.00299  (6.3s)
epoch 1633  K= 7  loss=4.58309e-04  v1=0.01200  v30=0.00550  (6.4s)
epoch 1634  K= 7  loss=4.57852e-04  v1=0.01364  v30=0.00494  (6.7s)
epoch 1635  K= 7  loss=4.58634e-04  v1=0.01308  v30=0.00366  (6.0s)
epoch 1636  K= 7  loss=4.60176e-04  v1=0.01487  v30=0.00327  (6.3s)
epoch 1637  K= 7  loss=4.59494e-04  v1=0.01482  v30=0.00314  (7.0s)
epoch 1638  K= 7  loss=4.59162e-04  v1=0.01222  v30=0.01134  (7.2s)
epoch 1639  K= 7  loss=4.61692e-04  v1=0.01160  v30=0.00658  (6.9s)
epoch 1640  K= 7  loss=4.61002e-04  v1=0.01466  v30=0.00432  (7.0s)
epoch 1641  K= 7  loss=4.59990e-04  v1=0.01334  v30=0.00475  (7.2s)
epoch 1642  K= 7  loss=4.59546e-04  v1=0.01557  v30=0.00496  (7.1s)
epoch 1643  K= 7  loss=4.61699e-04  v1=0.01407  v30=0.00406  (6.7s)
epoch 1644  K= 7  loss=4.58421e-04  v1=0.01050  v30=0.00316  (6.7s)
epoch 1645  K= 7  loss=4.60627e-04  v1=0.01185  v30=0.00512  (6.5s)
epoch 1646  K= 7  loss=4.60200e-04  v1=0.01079  v30=0.00362  (6.3s)
epoch 1647  K= 7  loss=4.58879e-04  v1=0.01022  v30=0.00464  (7.0s)
epoch 1648  K= 7  loss=4.60144e-04  v1=0.01210  v30=0.00363  (6.6s)
epoch 1649  K= 7  loss=4.61173e-04  v1=0.01288  v30=0.00362  (6.9s)
epoch 1650  K= 7  loss=4.59069e-04  v1=0.01323  v30=0.00374  (6.9s)
epoch 1651  K= 7  loss=4.62985e-04  v1=0.01294  v30=0.00346  (6.6s)
epoch 1652  K= 7  loss=4.59704e-04  v1=0.01140  v30=0.00343  (6.6s)
epoch 1653  K= 7  loss=4.60072e-04  v1=0.01272  v30=0.00370  (6.4s)
epoch 1654  K= 7  loss=4.61633e-04  v1=0.01385  v30=0.00278  (6.7s)
epoch 1655  K= 7  loss=4.59819e-04  v1=0.01362  v30=0.00348  (6.8s)
epoch 1656  K= 7  loss=4.58605e-04  v1=0.01478  v30=0.01007  (6.7s)
epoch 1657  K= 7  loss=4.59141e-04  v1=0.01252  v30=0.00619  (7.1s)
epoch 1658  K= 7  loss=4.59865e-04  v1=0.01146  v30=0.00463  (6.7s)
epoch 1659  K= 7  loss=4.59378e-04  v1=0.01077  v30=0.00423  (6.9s)
epoch 1660  K= 7  loss=4.62222e-04  v1=0.01209  v30=0.00330  (6.6s)
epoch 1661  K= 7  loss=4.59174e-04  v1=0.01234  v30=0.00410  (6.6s)
epoch 1662  K= 7  loss=4.62725e-04  v1=0.01190  v30=0.00471  (6.9s)
epoch 1663  K= 7  loss=4.58027e-04  v1=0.01407  v30=0.00498  (6.7s)
epoch 1664  K= 7  loss=4.60144e-04  v1=0.01304  v30=0.00370  (6.1s)
epoch 1665  K= 7  loss=4.61462e-04  v1=0.01278  v30=0.00443  (5.9s)
epoch 1666  K= 7  loss=4.63111e-04  v1=0.00984  v30=0.00569  (6.8s)
epoch 1667  K= 7  loss=4.60686e-04  v1=0.01550  v30=0.00307  (6.3s)
epoch 1668  K= 7  loss=4.60757e-04  v1=0.01142  v30=0.00533  (5.9s)
epoch 1669  K= 7  loss=4.57830e-04  v1=0.01212  v30=0.00341  (6.1s)
epoch 1670  K= 7  loss=4.60525e-04  v1=0.01282  v30=0.00428  (6.6s)
epoch 1671  K= 7  loss=4.60897e-04  v1=0.01314  v30=0.00405  (5.9s)
epoch 1672  K= 7  loss=4.57609e-04  v1=0.01159  v30=0.00486  (5.9s)
epoch 1673  K= 7  loss=4.59102e-04  v1=0.01186  v30=0.00355  (5.9s)
epoch 1674  K= 7  loss=4.57976e-04  v1=0.01063  v30=0.00663  (5.9s)
epoch 1675  K= 7  loss=4.59674e-04  v1=0.01168  v30=0.00367  (5.9s)
epoch 1676  K= 7  loss=4.58796e-04  v1=0.01557  v30=0.00567  (6.0s)
epoch 1677  K= 7  loss=4.61172e-04  v1=0.01226  v30=0.00386  (5.9s)
epoch 1678  K= 7  loss=4.57973e-04  v1=0.01324  v30=0.00390  (5.9s)
epoch 1679  K= 7  loss=4.59807e-04  v1=0.01110  v30=0.00359  (6.0s)
epoch 1680  K= 7  loss=4.60432e-04  v1=0.01129  v30=0.00386  (5.9s)
epoch 1681  K= 7  loss=4.58351e-04  v1=0.01420  v30=0.00466  (5.9s)
epoch 1682  K= 7  loss=4.59245e-04  v1=0.01175  v30=0.00399  (5.9s)
epoch 1683  K= 7  loss=4.58345e-04  v1=0.01190  v30=0.00418  (5.9s)
epoch 1684  K= 7  loss=4.59318e-04  v1=0.01336  v30=0.00488  (5.9s)
epoch 1685  K= 7  loss=4.58202e-04  v1=0.01513  v30=0.00567  (6.0s)
epoch 1686  K= 7  loss=4.60111e-04  v1=0.01057  v30=0.00409  (6.0s)
epoch 1687  K= 7  loss=4.60075e-04  v1=0.01438  v30=0.00554  (5.9s)
epoch 1688  K= 7  loss=4.59320e-04  v1=0.01267  v30=0.00499  (6.3s)
epoch 1689  K= 7  loss=4.58702e-04  v1=0.01620  v30=0.01236  (6.0s)
epoch 1690  K= 7  loss=4.61294e-04  v1=0.01491  v30=0.00495  (5.9s)
epoch 1691  K= 7  loss=4.58263e-04  v1=0.01270  v30=0.00436  (5.9s)
epoch 1692  K= 7  loss=4.60533e-04  v1=0.01385  v30=0.00473  (6.0s)
epoch 1693  K= 7  loss=4.59559e-04  v1=0.01270  v30=0.00473  (5.9s)
epoch 1694  K= 7  loss=4.56891e-04  v1=0.01139  v30=0.00339  (6.0s)
epoch 1695  K= 7  loss=4.58604e-04  v1=0.01168  v30=0.00329  (6.0s)
epoch 1696  K= 7  loss=4.59001e-04  v1=0.01368  v30=0.00292  (5.9s)
epoch 1697  K= 7  loss=4.58923e-04  v1=0.01321  v30=0.00474  (5.9s)
epoch 1698  K= 7  loss=4.58585e-04  v1=0.01498  v30=0.00526  (5.9s)
epoch 1699  K= 7  loss=4.58514e-04  v1=0.01231  v30=0.00387  (5.9s)
epoch 1700  K= 7  loss=4.62005e-04  v1=0.01355  v30=0.00588  (5.9s)
epoch 1701  K= 7  loss=4.62357e-04  v1=0.01449  v30=0.00763  (5.9s)
epoch 1702  K= 7  loss=4.57671e-04  v1=0.01313  v30=0.00348  (5.9s)
epoch 1703  K= 7  loss=4.60557e-04  v1=0.01313  v30=0.00485  (6.0s)
epoch 1704  K= 7  loss=4.59170e-04  v1=0.01229  v30=0.00395  (5.9s)
epoch 1705  K= 7  loss=4.60748e-04  v1=0.01260  v30=0.00358  (5.9s)
epoch 1706  K= 7  loss=4.61436e-04  v1=0.01244  v30=0.00331  (5.9s)
epoch 1707  K= 7  loss=4.60635e-04  v1=0.01142  v30=0.00599  (5.9s)
epoch 1708  K= 7  loss=4.62862e-04  v1=0.01127  v30=0.00422  (5.9s)
epoch 1709  K= 7  loss=4.58327e-04  v1=0.01191  v30=0.00340  (5.9s)
epoch 1710  K= 7  loss=4.59574e-04  v1=0.01109  v30=0.00475  (6.0s)
epoch 1711  K= 7  loss=4.59305e-04  v1=0.01163  v30=0.00356  (6.0s)
epoch 1712  K= 7  loss=4.61179e-04  v1=0.01222  v30=0.00322  (5.9s)
epoch 1713  K= 7  loss=4.60909e-04  v1=0.01538  v30=0.00328  (5.9s)
epoch 1714  K= 7  loss=4.60198e-04  v1=0.01258  v30=0.00531  (6.0s)
epoch 1715  K= 7  loss=4.59949e-04  v1=0.01381  v30=0.00322  (6.0s)
epoch 1716  K= 7  loss=4.60256e-04  v1=0.01119  v30=0.00453  (6.0s)
epoch 1717  K= 7  loss=4.60512e-04  v1=0.01265  v30=0.00336  (5.9s)
epoch 1718  K= 7  loss=4.59049e-04  v1=0.01234  v30=0.00357  (5.9s)
epoch 1719  K= 7  loss=4.59972e-04  v1=0.01381  v30=0.00471  (5.9s)
epoch 1720  K= 7  loss=4.60221e-04  v1=0.01368  v30=0.00482  (6.1s)
epoch 1721  K= 7  loss=4.59120e-04  v1=0.01194  v30=0.00392  (5.9s)
epoch 1722  K= 7  loss=4.61144e-04  v1=0.01329  v30=0.00442  (5.9s)
epoch 1723  K= 7  loss=4.61751e-04  v1=0.01286  v30=0.00708  (5.9s)
epoch 1724  K= 7  loss=4.59492e-04  v1=0.01410  v30=0.00460  (6.0s)
epoch 1725  K= 7  loss=4.60132e-04  v1=0.01385  v30=0.00353  (6.0s)
epoch 1726  K= 7  loss=4.59303e-04  v1=0.01402  v30=0.00381  (6.4s)
epoch 1727  K= 7  loss=4.59584e-04  v1=0.01215  v30=0.00429  (6.3s)
epoch 1728  K= 7  loss=4.59907e-04  v1=0.01337  v30=0.00400  (5.9s)
epoch 1729  K= 7  loss=4.58799e-04  v1=0.01536  v30=0.00533  (5.9s)
epoch 1730  K= 7  loss=4.59810e-04  v1=0.01586  v30=0.00696  (6.0s)
epoch 1731  K= 7  loss=4.58978e-04  v1=0.01289  v30=0.00376  (6.4s)
epoch 1732  K= 7  loss=4.62478e-04  v1=0.01220  v30=0.01020  (6.5s)
epoch 1733  K= 7  loss=4.60431e-04  v1=0.01180  v30=0.00419  (6.2s)
epoch 1734  K= 7  loss=4.63434e-04  v1=0.01325  v30=0.00339  (6.0s)
epoch 1735  K= 7  loss=4.60072e-04  v1=0.01335  v30=0.00389  (6.1s)
epoch 1736  K= 7  loss=4.60367e-04  v1=0.01321  v30=0.00412  (6.0s)
epoch 1737  K= 7  loss=4.58029e-04  v1=0.01395  v30=0.00398  (5.9s)
epoch 1738  K= 7  loss=4.61306e-04  v1=0.01446  v30=0.00371  (6.1s)
epoch 1739  K= 7  loss=4.61168e-04  v1=0.01262  v30=0.00491  (7.4s)
epoch 1740  K= 7  loss=4.58988e-04  v1=0.01385  v30=0.00458  (6.7s)
epoch 1741  K= 7  loss=4.57914e-04  v1=0.01342  v30=0.00349  (6.6s)
epoch 1742  K= 7  loss=4.61090e-04  v1=0.01246  v30=0.00597  (6.6s)
epoch 1743  K= 7  loss=4.59311e-04  v1=0.01078  v30=0.00446  (6.6s)
epoch 1744  K= 7  loss=4.61909e-04  v1=0.01483  v30=0.00310  (6.6s)
epoch 1745  K= 7  loss=4.57819e-04  v1=0.01038  v30=0.00375  (6.6s)
epoch 1746  K= 7  loss=4.60117e-04  v1=0.01278  v30=0.00398  (6.5s)
epoch 1747  K= 7  loss=4.60664e-04  v1=0.01399  v30=0.00512  (5.9s)
epoch 1748  K= 7  loss=4.60747e-04  v1=0.01401  v30=0.00370  (6.0s)
epoch 1749  K= 7  loss=4.63475e-04  v1=0.01636  v30=0.00483  (5.9s)
epoch 1750  K= 7  loss=4.59981e-04  v1=0.01377  v30=0.00322  (6.3s)
epoch 1751  K= 7  loss=4.59730e-04  v1=0.01346  v30=0.00341  (5.9s)
epoch 1752  K= 7  loss=4.59765e-04  v1=0.01426  v30=0.00375  (5.9s)
epoch 1753  K= 7  loss=4.62047e-04  v1=0.01424  v30=0.00410  (6.1s)
epoch 1754  K= 7  loss=4.58502e-04  v1=0.01138  v30=0.00633  (5.9s)
epoch 1755  K= 7  loss=4.58596e-04  v1=0.01320  v30=0.00914  (5.9s)
epoch 1756  K= 7  loss=4.60803e-04  v1=0.01554  v30=0.00337  (5.9s)
epoch 1757  K= 7  loss=4.58061e-04  v1=0.01190  v30=0.00332  (5.9s)
epoch 1758  K= 7  loss=4.59166e-04  v1=0.01124  v30=0.00414  (5.9s)
epoch 1759  K= 7  loss=4.58430e-04  v1=0.01342  v30=0.00349  (5.9s)
epoch 1760  K= 7  loss=4.60615e-04  v1=0.01377  v30=0.00465  (5.9s)
epoch 1761  K= 7  loss=4.58878e-04  v1=0.01189  v30=0.00332  (6.0s)
epoch 1762  K= 7  loss=4.58952e-04  v1=0.01416  v30=0.00634  (5.9s)
epoch 1763  K= 7  loss=4.61154e-04  v1=0.01227  v30=0.00675  (5.9s)
epoch 1764  K= 7  loss=4.60075e-04  v1=0.01514  v30=0.00601  (6.0s)
epoch 1765  K= 7  loss=4.60484e-04  v1=0.01000  v30=0.00304  (6.8s)
epoch 1766  K= 7  loss=4.58759e-04  v1=0.00999  v30=0.00656  (6.5s)
epoch 1767  K= 7  loss=4.59423e-04  v1=0.01376  v30=0.00320  (6.4s)
epoch 1768  K= 7  loss=4.59663e-04  v1=0.01241  v30=0.00491  (5.9s)
epoch 1769  K= 7  loss=4.59218e-04  v1=0.01415  v30=0.00665  (5.9s)
epoch 1770  K= 7  loss=4.58987e-04  v1=0.01223  v30=0.00380  (6.1s)
epoch 1771  K= 7  loss=4.59854e-04  v1=0.01199  v30=0.00376  (5.9s)
epoch 1772  K= 7  loss=4.60893e-04  v1=0.01301  v30=0.00347  (5.9s)
epoch 1773  K= 7  loss=4.59591e-04  v1=0.01416  v30=0.00354  (6.0s)
epoch 1774  K= 7  loss=4.59076e-04  v1=0.01313  v30=0.00396  (5.9s)
epoch 1775  K= 7  loss=4.62571e-04  v1=0.01191  v30=0.00385  (6.0s)
epoch 1776  K= 7  loss=4.61318e-04  v1=0.01417  v30=0.00422  (6.0s)
epoch 1777  K= 7  loss=4.60563e-04  v1=0.01122  v30=0.00325  (5.9s)
epoch 1778  K= 7  loss=4.60379e-04  v1=0.01159  v30=0.00386  (6.0s)
epoch 1779  K= 7  loss=4.61288e-04  v1=0.01540  v30=0.00510  (5.9s)
epoch 1780  K= 7  loss=4.61220e-04  v1=0.01246  v30=0.00529  (6.0s)
epoch 1781  K= 7  loss=4.59012e-04  v1=0.01232  v30=0.00387  (5.9s)
epoch 1782  K= 7  loss=4.61466e-04  v1=0.01417  v30=0.00471  (5.9s)
epoch 1783  K= 7  loss=4.59308e-04  v1=0.01270  v30=0.00299  (5.9s)
epoch 1784  K= 7  loss=4.59830e-04  v1=0.01298  v30=0.00340  (5.9s)
epoch 1785  K= 7  loss=4.56861e-04  v1=0.01195  v30=0.00333  (5.9s)
epoch 1786  K= 7  loss=4.59544e-04  v1=0.01511  v30=0.00403  (5.9s)
epoch 1787  K= 7  loss=4.61708e-04  v1=0.01224  v30=0.00394  (6.2s)
epoch 1788  K= 7  loss=4.61504e-04  v1=0.01480  v30=0.00584  (6.5s)
epoch 1789  K= 7  loss=4.60413e-04  v1=0.01288  v30=0.00428  (6.1s)
epoch 1790  K= 7  loss=4.58988e-04  v1=0.01303  v30=0.00501  (5.9s)
epoch 1791  K= 7  loss=4.60446e-04  v1=0.01317  v30=0.00421  (5.9s)
epoch 1792  K= 7  loss=4.59002e-04  v1=0.01107  v30=0.00409  (5.9s)
epoch 1793  K= 7  loss=4.59050e-04  v1=0.01157  v30=0.00377  (6.1s)
epoch 1794  K= 7  loss=4.60560e-04  v1=0.01099  v30=0.00367  (6.6s)
epoch 1795  K= 7  loss=4.62023e-04  v1=0.01388  v30=0.00407  (6.5s)
epoch 1796  K= 7  loss=4.60513e-04  v1=0.01288  v30=0.00477  (6.6s)
epoch 1797  K= 7  loss=4.56841e-04  v1=0.01082  v30=0.00429  (6.5s)
epoch 1798  K= 7  loss=4.60094e-04  v1=0.01177  v30=0.00389  (6.3s)
epoch 1799  K= 7  loss=4.57669e-04  v1=0.01609  v30=0.00354  (6.0s)
epoch 1800  K= 7  loss=4.61518e-04  v1=0.01426  v30=0.00641  (6.0s)
epoch 1801  K= 7  loss=4.59934e-04  v1=0.01325  v30=0.00357  (5.9s)
epoch 1802  K= 7  loss=4.62294e-04  v1=0.01172  v30=0.00504  (5.9s)
epoch 1803  K= 7  loss=4.58184e-04  v1=0.01076  v30=0.00456  (5.9s)
epoch 1804  K= 7  loss=4.59350e-04  v1=0.01194  v30=0.00963  (6.0s)
epoch 1805  K= 7  loss=4.58917e-04  v1=0.01209  v30=0.00398  (5.9s)
epoch 1806  K= 7  loss=4.61384e-04  v1=0.01442  v30=0.00603  (5.9s)
epoch 1807  K= 7  loss=4.57665e-04  v1=0.01144  v30=0.00430  (6.3s)
epoch 1808  K= 7  loss=4.60700e-04  v1=0.01020  v30=0.00367  (6.6s)
epoch 1809  K= 7  loss=4.61884e-04  v1=0.01334  v30=0.00535  (6.0s)
epoch 1810  K= 7  loss=4.60654e-04  v1=0.01664  v30=0.00482  (5.9s)
epoch 1811  K= 7  loss=4.59403e-04  v1=0.01375  v30=0.00341  (5.9s)
epoch 1812  K= 7  loss=4.59365e-04  v1=0.01427  v30=0.00704  (5.9s)
epoch 1813  K= 7  loss=4.61295e-04  v1=0.01137  v30=0.00319  (6.4s)
epoch 1814  K= 7  loss=4.60103e-04  v1=0.01401  v30=0.00358  (6.1s)
epoch 1815  K= 7  loss=4.60641e-04  v1=0.01473  v30=0.00357  (6.3s)
epoch 1816  K= 7  loss=4.57845e-04  v1=0.01348  v30=0.00635  (5.9s)
epoch 1817  K= 7  loss=4.58420e-04  v1=0.01434  v30=0.00299  (6.0s)
epoch 1818  K= 7  loss=4.59651e-04  v1=0.01452  v30=0.00321  (6.0s)
epoch 1819  K= 7  loss=4.57871e-04  v1=0.01199  v30=0.00389  (5.9s)
epoch 1820  K= 7  loss=4.60075e-04  v1=0.01477  v30=0.00315  (5.9s)
epoch 1821  K= 7  loss=4.61545e-04  v1=0.01293  v30=0.00512  (5.9s)
epoch 1822  K= 7  loss=4.59868e-04  v1=0.01420  v30=0.00405  (5.9s)
epoch 1823  K= 7  loss=4.62102e-04  v1=0.01255  v30=0.00346  (5.9s)
epoch 1824  K= 7  loss=4.58610e-04  v1=0.01146  v30=0.00434  (6.8s)
epoch 1825  K= 7  loss=4.58855e-04  v1=0.01234  v30=0.00326  (6.6s)
epoch 1826  K= 7  loss=4.61158e-04  v1=0.01768  v30=0.00365  (7.0s)
epoch 1827  K= 7  loss=4.60157e-04  v1=0.01242  v30=0.00380  (6.1s)
epoch 1828  K= 7  loss=4.57663e-04  v1=0.01096  v30=0.00580  (5.9s)
epoch 1829  K= 7  loss=4.59619e-04  v1=0.01290  v30=0.00451  (6.1s)
epoch 1830  K= 7  loss=4.58909e-04  v1=0.01442  v30=0.00502  (6.3s)
epoch 1831  K= 7  loss=4.61668e-04  v1=0.01345  v30=0.00441  (6.3s)
epoch 1832  K= 7  loss=4.61075e-04  v1=0.01205  v30=0.00418  (5.9s)
epoch 1833  K= 7  loss=4.61581e-04  v1=0.01410  v30=0.00639  (6.2s)
epoch 1834  K= 7  loss=4.60181e-04  v1=0.01146  v30=0.00355  (6.5s)
epoch 1835  K= 7  loss=4.60991e-04  v1=0.01197  v30=0.00606  (6.4s)
epoch 1836  K= 7  loss=4.62717e-04  v1=0.01123  v30=0.00491  (5.9s)
epoch 1837  K= 7  loss=4.60218e-04  v1=0.01080  v30=0.00782  (5.9s)
epoch 1838  K= 7  loss=4.60541e-04  v1=0.01386  v30=0.00364  (6.0s)
epoch 1839  K= 7  loss=4.59005e-04  v1=0.01315  v30=0.00412  (5.9s)
epoch 1840  K= 7  loss=4.60519e-04  v1=0.01252  v30=0.00468  (6.2s)
epoch 1841  K= 7  loss=4.58997e-04  v1=0.01498  v30=0.00332  (6.6s)
epoch 1842  K= 7  loss=4.59537e-04  v1=0.01227  v30=0.00364  (6.0s)
epoch 1843  K= 7  loss=4.61300e-04  v1=0.01465  v30=0.00578  (5.6s)
epoch 1844  K= 7  loss=4.59263e-04  v1=0.01324  v30=0.00487  (5.8s)
epoch 1845  K= 7  loss=4.61438e-04  v1=0.01251  v30=0.00481  (5.8s)
epoch 1846  K= 7  loss=4.58868e-04  v1=0.01231  v30=0.00307  (5.8s)
epoch 1847  K= 7  loss=4.57302e-04  v1=0.01474  v30=0.00483  (5.7s)
epoch 1848  K= 7  loss=4.60478e-04  v1=0.01257  v30=0.00436  (5.7s)
epoch 1849  K= 7  loss=4.59013e-04  v1=0.01454  v30=0.00479  (5.8s)
epoch 1850  K= 7  loss=4.59205e-04  v1=0.01196  v30=0.00471  (5.8s)
epoch 1851  K= 7  loss=4.58953e-04  v1=0.01370  v30=0.00354  (5.8s)
epoch 1852  K= 7  loss=4.61034e-04  v1=0.01285  v30=0.00350  (5.9s)
epoch 1853  K= 7  loss=4.60090e-04  v1=0.01366  v30=0.00386  (5.8s)
epoch 1854  K= 7  loss=4.57808e-04  v1=0.01275  v30=0.00330  (5.8s)
epoch 1855  K= 7  loss=4.59902e-04  v1=0.01296  v30=0.00392  (5.7s)
epoch 1856  K= 7  loss=4.60551e-04  v1=0.01260  v30=0.00553  (5.8s)
epoch 1857  K= 7  loss=4.59066e-04  v1=0.01296  v30=0.00376  (5.7s)
epoch 1858  K= 7  loss=4.59334e-04  v1=0.01475  v30=0.00352  (5.8s)
epoch 1859  K= 7  loss=4.60936e-04  v1=0.01169  v30=0.00428  (5.7s)
epoch 1860  K= 7  loss=4.59756e-04  v1=0.01333  v30=0.00450  (5.7s)
epoch 1861  K= 7  loss=4.60934e-04  v1=0.01362  v30=0.00344  (5.8s)
epoch 1862  K= 7  loss=4.57956e-04  v1=0.01096  v30=0.00414  (5.8s)
epoch 1863  K= 7  loss=4.61096e-04  v1=0.01271  v30=0.00348  (5.8s)
epoch 1864  K= 7  loss=4.59994e-04  v1=0.01403  v30=0.00362  (5.7s)
epoch 1865  K= 7  loss=4.59369e-04  v1=0.01381  v30=0.00396  (5.8s)
epoch 1866  K= 7  loss=4.65059e-04  v1=0.01217  v30=0.00402  (5.8s)
epoch 1867  K= 7  loss=4.59785e-04  v1=0.01274  v30=0.00365  (5.8s)
epoch 1868  K= 7  loss=4.58525e-04  v1=0.01116  v30=0.00401  (6.4s)
epoch 1869  K= 7  loss=4.60635e-04  v1=0.01221  v30=0.00348  (6.3s)
epoch 1870  K= 7  loss=4.57729e-04  v1=0.00986  v30=0.00632  (6.5s)
epoch 1871  K= 7  loss=4.59552e-04  v1=0.01046  v30=0.00381  (6.2s)
epoch 1872  K= 7  loss=4.60406e-04  v1=0.01221  v30=0.00342  (6.7s)
epoch 1873  K= 7  loss=4.56859e-04  v1=0.01181  v30=0.00377  (6.6s)
epoch 1874  K= 7  loss=4.59184e-04  v1=0.01202  v30=0.00313  (6.7s)
epoch 1875  K= 7  loss=4.60007e-04  v1=0.01474  v30=0.00570  (6.6s)
epoch 1876  K= 7  loss=4.58163e-04  v1=0.01211  v30=0.00587  (6.4s)
epoch 1877  K= 7  loss=4.60516e-04  v1=0.01468  v30=0.00368  (6.3s)
epoch 1878  K= 7  loss=4.59616e-04  v1=0.01190  v30=0.00428  (6.3s)
epoch 1879  K= 7  loss=4.59910e-04  v1=0.01142  v30=0.00534  (6.4s)
epoch 1880  K= 7  loss=4.58762e-04  v1=0.01139  v30=0.00297  (6.3s)
epoch 1881  K= 7  loss=4.59760e-04  v1=0.01439  v30=0.00951  (6.3s)
epoch 1882  K= 7  loss=4.60953e-04  v1=0.01213  v30=0.00323  (6.1s)
epoch 1883  K= 7  loss=4.60550e-04  v1=0.01422  v30=0.00389  (6.2s)
epoch 1884  K= 7  loss=4.62448e-04  v1=0.01615  v30=0.00362  (6.3s)
epoch 1885  K= 7  loss=4.59652e-04  v1=0.01102  v30=0.01002  (6.5s)
epoch 1886  K= 7  loss=4.60950e-04  v1=0.01428  v30=0.00540  (6.3s)
epoch 1887  K= 7  loss=4.62042e-04  v1=0.01100  v30=0.00451  (6.5s)
epoch 1888  K= 7  loss=4.59469e-04  v1=0.01140  v30=0.00699  (6.6s)
epoch 1889  K= 7  loss=4.59845e-04  v1=0.01355  v30=0.00394  (6.5s)
epoch 1890  K= 7  loss=4.58687e-04  v1=0.01378  v30=0.00355  (6.5s)
epoch 1891  K= 7  loss=4.61175e-04  v1=0.01226  v30=0.00382  (6.4s)
epoch 1892  K= 7  loss=4.58252e-04  v1=0.01127  v30=0.00441  (6.6s)
epoch 1893  K= 7  loss=4.59551e-04  v1=0.01164  v30=0.00376  (6.3s)
epoch 1894  K= 7  loss=4.59781e-04  v1=0.01598  v30=0.00361  (6.4s)
epoch 1895  K= 7  loss=4.61210e-04  v1=0.01274  v30=0.00472  (6.4s)
epoch 1896  K= 7  loss=4.60633e-04  v1=0.01284  v30=0.00434  (6.4s)
epoch 1897  K= 7  loss=4.61434e-04  v1=0.01391  v30=0.00416  (6.4s)
epoch 1898  K= 7  loss=4.62055e-04  v1=0.01535  v30=0.00490  (6.4s)
epoch 1899  K= 7  loss=4.59965e-04  v1=0.01234  v30=0.00352  (6.2s)
epoch 1900  K= 7  loss=4.59127e-04  v1=0.01418  v30=0.00533  (6.3s)
epoch 1901  K= 7  loss=4.57787e-04  v1=0.01269  v30=0.00545  (6.3s)
epoch 1902  K= 7  loss=4.61622e-04  v1=0.01485  v30=0.00369  (6.5s)
epoch 1903  K= 7  loss=4.62383e-04  v1=0.01160  v30=0.00393  (6.5s)
epoch 1904  K= 7  loss=4.58149e-04  v1=0.01332  v30=0.00373  (6.2s)
epoch 1905  K= 7  loss=4.59308e-04  v1=0.01550  v30=0.00412  (6.6s)
epoch 1906  K= 7  loss=4.60646e-04  v1=0.01414  v30=0.00500  (6.6s)
epoch 1907  K= 7  loss=4.59876e-04  v1=0.01160  v30=0.00416  (6.5s)
epoch 1908  K= 7  loss=4.58227e-04  v1=0.01158  v30=0.00467  (6.3s)
epoch 1909  K= 7  loss=4.58860e-04  v1=0.01030  v30=0.00405  (5.9s)
epoch 1910  K= 7  loss=4.61308e-04  v1=0.01253  v30=0.00430  (6.0s)
epoch 1911  K= 7  loss=4.60798e-04  v1=0.01154  v30=0.00574  (6.2s)
epoch 1912  K= 7  loss=4.60858e-04  v1=0.01471  v30=0.00327  (6.0s)
epoch 1913  K= 7  loss=4.59445e-04  v1=0.01111  v30=0.00328  (6.2s)
epoch 1914  K= 7  loss=4.60281e-04  v1=0.01415  v30=0.00366  (6.1s)
epoch 1915  K= 7  loss=4.61229e-04  v1=0.01171  v30=0.00591  (6.6s)
epoch 1916  K= 7  loss=4.59714e-04  v1=0.01259  v30=0.00381  (6.4s)
epoch 1917  K= 7  loss=4.58515e-04  v1=0.01305  v30=0.00315  (7.1s)
epoch 1918  K= 7  loss=4.59546e-04  v1=0.01208  v30=0.00365  (6.4s)
epoch 1919  K= 7  loss=4.58085e-04  v1=0.01501  v30=0.00313  (6.5s)
epoch 1920  K= 7  loss=4.60507e-04  v1=0.01051  v30=0.00363  (6.4s)
epoch 1921  K= 7  loss=4.56106e-04  v1=0.01323  v30=0.00371  (6.3s)
epoch 1922  K= 7  loss=4.60023e-04  v1=0.01231  v30=0.00345  (7.1s)
epoch 1923  K= 7  loss=4.57257e-04  v1=0.01581  v30=0.00447  (6.7s)
epoch 1924  K= 7  loss=4.60118e-04  v1=0.01382  v30=0.00544  (6.4s)
epoch 1925  K= 7  loss=4.60217e-04  v1=0.01342  v30=0.00501  (6.4s)
epoch 1926  K= 7  loss=4.60144e-04  v1=0.01340  v30=0.00438  (6.3s)
epoch 1927  K= 7  loss=4.61809e-04  v1=0.01061  v30=0.00373  (6.5s)
epoch 1928  K= 7  loss=4.58731e-04  v1=0.01361  v30=0.00490  (6.3s)
epoch 1929  K= 7  loss=4.60471e-04  v1=0.01307  v30=0.00580  (6.5s)
epoch 1930  K= 7  loss=4.60852e-04  v1=0.01265  v30=0.00374  (6.7s)
epoch 1931  K= 7  loss=4.62338e-04  v1=0.01096  v30=0.00338  (6.7s)
epoch 1932  K= 7  loss=4.58472e-04  v1=0.01247  v30=0.00418  (6.4s)
epoch 1933  K= 7  loss=4.59436e-04  v1=0.01254  v30=0.00396  (6.4s)
epoch 1934  K= 7  loss=4.58904e-04  v1=0.01104  v30=0.00424  (6.4s)
epoch 1935  K= 7  loss=4.59124e-04  v1=0.01429  v30=0.00382  (6.7s)
epoch 1936  K= 7  loss=4.60078e-04  v1=0.01309  v30=0.00363  (6.4s)
epoch 1937  K= 7  loss=4.60223e-04  v1=0.01342  v30=0.00361  (6.3s)
epoch 1938  K= 7  loss=4.61047e-04  v1=0.01143  v30=0.00353  (6.4s)
epoch 1939  K= 7  loss=4.59105e-04  v1=0.01323  v30=0.00371  (6.6s)
epoch 1940  K= 7  loss=4.57185e-04  v1=0.01454  v30=0.00355  (6.8s)
epoch 1941  K= 7  loss=4.62766e-04  v1=0.01478  v30=0.00607  (6.6s)
epoch 1942  K= 7  loss=4.61448e-04  v1=0.01440  v30=0.00342  (6.3s)
epoch 1943  K= 7  loss=4.60315e-04  v1=0.01461  v30=0.00419  (6.4s)
epoch 1944  K= 7  loss=4.55960e-04  v1=0.01254  v30=0.00430  (6.7s)
epoch 1945  K= 7  loss=4.58853e-04  v1=0.01536  v30=0.00363  (6.6s)
epoch 1946  K= 7  loss=4.59207e-04  v1=0.01467  v30=0.00319  (6.6s)
epoch 1947  K= 7  loss=4.60795e-04  v1=0.01172  v30=0.00350  (6.3s)
epoch 1948  K= 7  loss=4.59070e-04  v1=0.01188  v30=0.00357  (6.5s)
epoch 1949  K= 7  loss=4.60921e-04  v1=0.01402  v30=0.00480  (6.3s)
epoch 1950  K= 7  loss=4.58671e-04  v1=0.01431  v30=0.00541  (6.4s)
epoch 1951  K= 7  loss=4.62622e-04  v1=0.01059  v30=0.00491  (6.6s)
epoch 1952  K= 7  loss=4.60754e-04  v1=0.01404  v30=0.00355  (6.3s)
epoch 1953  K= 7  loss=4.61016e-04  v1=0.01316  v30=0.00307  (6.3s)
epoch 1954  K= 7  loss=4.61195e-04  v1=0.01445  v30=0.00720  (6.5s)
epoch 1955  K= 7  loss=4.59878e-04  v1=0.01020  v30=0.00367  (6.3s)
epoch 1956  K= 7  loss=4.61626e-04  v1=0.01439  v30=0.00329  (6.4s)
epoch 1957  K= 7  loss=4.62188e-04  v1=0.01165  v30=0.00439  (6.9s)
epoch 1958  K= 7  loss=4.61425e-04  v1=0.01332  v30=0.00535  (6.6s)
epoch 1959  K= 7  loss=4.60154e-04  v1=0.01219  v30=0.00459  (6.6s)
epoch 1960  K= 7  loss=4.59146e-04  v1=0.01501  v30=0.00786  (6.3s)
epoch 1961  K= 7  loss=4.57963e-04  v1=0.01205  v30=0.00380  (6.5s)
epoch 1962  K= 7  loss=4.59117e-04  v1=0.01291  v30=0.00355  (6.4s)
epoch 1963  K= 7  loss=4.58967e-04  v1=0.01101  v30=0.00351  (6.4s)
epoch 1964  K= 7  loss=4.56734e-04  v1=0.01426  v30=0.00525  (6.6s)
epoch 1965  K= 7  loss=4.58382e-04  v1=0.01264  v30=0.00645  (6.4s)
epoch 1966  K= 7  loss=4.59439e-04  v1=0.01117  v30=0.00492  (6.4s)
epoch 1967  K= 7  loss=4.57310e-04  v1=0.01590  v30=0.00285  (6.5s)
epoch 1968  K= 7  loss=4.57874e-04  v1=0.01511  v30=0.00342  (6.4s)
epoch 1969  K= 7  loss=4.61295e-04  v1=0.01059  v30=0.00382  (6.3s)
epoch 1970  K= 7  loss=4.62471e-04  v1=0.01073  v30=0.00356  (6.3s)
epoch 1971  K= 7  loss=4.60538e-04  v1=0.01293  v30=0.00349  (6.5s)
epoch 1972  K= 7  loss=4.60591e-04  v1=0.01435  v30=0.00370  (6.4s)
epoch 1973  K= 7  loss=4.59119e-04  v1=0.01146  v30=0.00381  (6.3s)
epoch 1974  K= 7  loss=4.58564e-04  v1=0.01233  v30=0.00394  (6.5s)
epoch 1975  K= 7  loss=4.60409e-04  v1=0.01397  v30=0.00304  (6.4s)
epoch 1976  K= 7  loss=4.62701e-04  v1=0.01300  v30=0.00400  (6.7s)
epoch 1977  K= 7  loss=4.58687e-04  v1=0.01176  v30=0.00377  (6.5s)
epoch 1978  K= 7  loss=4.60121e-04  v1=0.01491  v30=0.00482  (6.4s)
epoch 1979  K= 7  loss=4.57749e-04  v1=0.01028  v30=0.00468  (6.3s)
epoch 1980  K= 7  loss=4.60208e-04  v1=0.01165  v30=0.00334  (6.4s)
epoch 1981  K= 7  loss=4.60360e-04  v1=0.01145  v30=0.00329  (6.3s)
epoch 1982  K= 7  loss=4.61184e-04  v1=0.01333  v30=0.00405  (6.4s)
epoch 1983  K= 7  loss=4.59811e-04  v1=0.01412  v30=0.00514  (6.3s)
epoch 1984  K= 7  loss=4.58462e-04  v1=0.01488  v30=0.00753  (6.3s)
epoch 1985  K= 7  loss=4.58546e-04  v1=0.01202  v30=0.00386  (6.2s)
epoch 1986  K= 7  loss=4.59229e-04  v1=0.00899  v30=0.00337  (6.3s)
epoch 1987  K= 7  loss=4.59427e-04  v1=0.01308  v30=0.00440  (6.5s)
epoch 1988  K= 7  loss=4.59415e-04  v1=0.01217  v30=0.00332  (6.3s)
epoch 1989  K= 7  loss=4.59062e-04  v1=0.01428  v30=0.00489  (6.4s)
epoch 1990  K= 7  loss=4.61949e-04  v1=0.01549  v30=0.00516  (6.3s)
epoch 1991  K= 7  loss=4.60405e-04  v1=0.01219  v30=0.00427  (6.4s)
epoch 1992  K= 7  loss=4.63207e-04  v1=0.01475  v30=0.00345  (6.6s)
epoch 1993  K= 7  loss=4.59562e-04  v1=0.01228  v30=0.00324  (6.3s)
epoch 1994  K= 7  loss=4.58366e-04  v1=0.01250  v30=0.00559  (6.5s)
epoch 1995  K= 7  loss=4.59302e-04  v1=0.01346  v30=0.00532  (6.3s)
epoch 1996  K= 7  loss=4.58856e-04  v1=0.01306  v30=0.00653  (6.6s)
epoch 1997  K= 7  loss=4.58717e-04  v1=0.01251  v30=0.00410  (6.5s)
epoch 1998  K= 7  loss=4.61594e-04  v1=0.01100  v30=0.00330  (6.5s)
epoch 1999  K= 7  loss=4.58833e-04  v1=0.01461  v30=0.00634  (6.6s)
epoch 2000  K= 7  loss=4.59278e-04  v1=0.01079  v30=0.00626  (6.3s)
epoch 2001  K= 7  loss=4.58650e-04  v1=0.01458  v30=0.00358  (6.4s)
epoch 2002  K= 7  loss=4.59416e-04  v1=0.01411  v30=0.00505  (6.5s)
epoch 2003  K= 7  loss=4.59779e-04  v1=0.01273  v30=0.00303  (6.6s)
epoch 2004  K= 7  loss=4.59281e-04  v1=0.01367  v30=0.00492  (6.4s)
epoch 2005  K= 7  loss=4.58489e-04  v1=0.01589  v30=0.00457  (6.4s)
epoch 2006  K= 7  loss=4.61789e-04  v1=0.01161  v30=0.00341  (6.5s)
epoch 2007  K= 7  loss=4.60843e-04  v1=0.01331  v30=0.00606  (6.5s)
epoch 2008  K= 7  loss=4.58428e-04  v1=0.01212  v30=0.00413  (6.5s)
epoch 2009  K= 7  loss=4.61006e-04  v1=0.01226  v30=0.00525  (6.5s)
epoch 2010  K= 7  loss=4.57779e-04  v1=0.01180  v30=0.00400  (6.3s)
epoch 2011  K= 7  loss=4.60353e-04  v1=0.01382  v30=0.00426  (6.4s)
epoch 2012  K= 7  loss=4.62154e-04  v1=0.01171  v30=0.00324  (6.5s)
epoch 2013  K= 7  loss=4.59862e-04  v1=0.01364  v30=0.00594  (6.3s)
epoch 2014  K= 7  loss=4.58230e-04  v1=0.01212  v30=0.00700  (6.3s)
epoch 2015  K= 7  loss=4.59987e-04  v1=0.01357  v30=0.00331  (6.3s)
epoch 2016  K= 7  loss=4.59112e-04  v1=0.01173  v30=0.00669  (6.4s)
epoch 2017  K= 7  loss=4.60161e-04  v1=0.01365  v30=0.00638  (6.6s)
epoch 2018  K= 7  loss=4.60557e-04  v1=0.01334  v30=0.00430  (6.5s)
epoch 2019  K= 7  loss=4.59131e-04  v1=0.01355  v30=0.00873  (6.2s)
epoch 2020  K= 7  loss=4.61693e-04  v1=0.01275  v30=0.00549  (6.2s)
epoch 2021  K= 7  loss=4.61133e-04  v1=0.01367  v30=0.00388  (6.4s)
epoch 2022  K= 7  loss=4.58919e-04  v1=0.01108  v30=0.00370  (6.3s)
epoch 2023  K= 7  loss=4.61485e-04  v1=0.01443  v30=0.00863  (6.4s)
epoch 2024  K= 7  loss=4.59761e-04  v1=0.01204  v30=0.00414  (6.4s)
epoch 2025  K= 7  loss=4.59473e-04  v1=0.01221  v30=0.00471  (6.4s)
epoch 2026  K= 7  loss=4.61648e-04  v1=0.01239  v30=0.00401  (6.6s)
epoch 2027  K= 7  loss=4.56490e-04  v1=0.01304  v30=0.00328  (6.3s)
epoch 2028  K= 7  loss=4.59273e-04  v1=0.01417  v30=0.00479  (6.4s)
epoch 2029  K= 7  loss=4.60641e-04  v1=0.01576  v30=0.00389  (6.5s)
epoch 2030  K= 7  loss=4.59995e-04  v1=0.01263  v30=0.00488  (6.5s)
epoch 2031  K= 7  loss=4.59522e-04  v1=0.01208  v30=0.00395  (6.2s)
epoch 2032  K= 7  loss=4.60406e-04  v1=0.01133  v30=0.00341  (6.3s)
epoch 2033  K= 7  loss=4.59573e-04  v1=0.01377  v30=0.00518  (6.3s)
epoch 2034  K= 7  loss=4.59018e-04  v1=0.01207  v30=0.00337  (6.5s)
epoch 2035  K= 7  loss=4.57287e-04  v1=0.01475  v30=0.00430  (6.4s)
epoch 2036  K= 7  loss=4.60383e-04  v1=0.01372  v30=0.00684  (6.3s)
epoch 2037  K= 7  loss=4.57993e-04  v1=0.01219  v30=0.00417  (6.2s)
epoch 2038  K= 7  loss=4.59984e-04  v1=0.01307  v30=0.00324  (6.5s)
epoch 2039  K= 7  loss=4.61716e-04  v1=0.01225  v30=0.00670  (6.6s)
epoch 2040  K= 7  loss=4.59624e-04  v1=0.01184  v30=0.00493  (6.5s)
epoch 2041  K= 7  loss=4.58059e-04  v1=0.01105  v30=0.00459  (6.4s)
epoch 2042  K= 7  loss=4.57959e-04  v1=0.01404  v30=0.00465  (6.6s)
epoch 2043  K= 7  loss=4.60420e-04  v1=0.01254  v30=0.00369  (6.3s)
epoch 2044  K= 7  loss=4.59811e-04  v1=0.01348  v30=0.00284  (6.6s)
epoch 2045  K= 7  loss=4.58742e-04  v1=0.01514  v30=0.00905  (6.3s)
epoch 2046  K= 7  loss=4.57556e-04  v1=0.01013  v30=0.00425  (6.4s)
epoch 2047  K= 7  loss=4.60913e-04  v1=0.01458  v30=0.00849  (6.3s)
epoch 2048  K= 7  loss=4.58493e-04  v1=0.01338  v30=0.00405  (6.2s)
epoch 2049  K= 7  loss=4.58982e-04  v1=0.01318  v30=0.00383  (6.4s)
epoch 2050  K= 7  loss=4.59663e-04  v1=0.01201  v30=0.00343  (6.4s)
epoch 2051  K= 7  loss=4.58366e-04  v1=0.01423  v30=0.00387  (6.4s)
epoch 2052  K= 7  loss=4.59509e-04  v1=0.01157  v30=0.00397  (6.7s)
epoch 2053  K= 7  loss=4.61393e-04  v1=0.01255  v30=0.00346  (6.6s)
epoch 2054  K= 7  loss=4.60184e-04  v1=0.01321  v30=0.00299  (6.3s)
epoch 2055  K= 7  loss=4.59858e-04  v1=0.01332  v30=0.00358  (6.3s)
epoch 2056  K= 7  loss=4.60572e-04  v1=0.01146  v30=0.00396  (6.2s)
epoch 2057  K= 7  loss=4.60280e-04  v1=0.01238  v30=0.00335  (6.3s)
epoch 2058  K= 7  loss=4.59656e-04  v1=0.01236  v30=0.00299  (6.4s)
epoch 2059  K= 7  loss=4.58297e-04  v1=0.01347  v30=0.00389  (6.4s)
epoch 2060  K= 7  loss=4.58173e-04  v1=0.01379  v30=0.00484  (6.3s)
epoch 2061  K= 7  loss=4.57339e-04  v1=0.01472  v30=0.00407  (6.5s)
epoch 2062  K= 7  loss=4.59512e-04  v1=0.01104  v30=0.00396  (6.3s)
epoch 2063  K= 7  loss=4.60373e-04  v1=0.01154  v30=0.00372  (6.6s)
epoch 2064  K= 7  loss=4.62157e-04  v1=0.01090  v30=0.00372  (6.4s)
epoch 2065  K= 7  loss=4.57308e-04  v1=0.01301  v30=0.00544  (6.2s)
epoch 2066  K= 7  loss=4.57338e-04  v1=0.01334  v30=0.00391  (6.4s)
epoch 2067  K= 7  loss=4.58414e-04  v1=0.01219  v30=0.00331  (6.5s)
epoch 2068  K= 7  loss=4.60002e-04  v1=0.01350  v30=0.00313  (6.5s)
epoch 2069  K= 7  loss=4.60503e-04  v1=0.01373  v30=0.00552  (6.2s)
epoch 2070  K= 7  loss=4.57583e-04  v1=0.01309  v30=0.00745  (6.6s)
epoch 2071  K= 7  loss=4.62890e-04  v1=0.01268  v30=0.00366  (6.4s)
epoch 2072  K= 7  loss=4.60563e-04  v1=0.01349  v30=0.00586  (6.1s)
epoch 2073  K= 7  loss=4.60082e-04  v1=0.01065  v30=0.00423  (6.4s)
epoch 2074  K= 7  loss=4.59378e-04  v1=0.01349  v30=0.00553  (6.9s)
epoch 2075  K= 7  loss=4.58719e-04  v1=0.01421  v30=0.00355  (6.6s)
epoch 2076  K= 7  loss=4.59992e-04  v1=0.01310  v30=0.00658  (6.4s)
epoch 2077  K= 7  loss=4.61257e-04  v1=0.01674  v30=0.00819  (6.4s)
epoch 2078  K= 7  loss=4.60108e-04  v1=0.01256  v30=0.00692  (6.3s)
epoch 2079  K= 7  loss=4.59929e-04  v1=0.01230  v30=0.00332  (6.4s)
epoch 2080  K= 7  loss=4.60360e-04  v1=0.01152  v30=0.00333  (6.2s)
epoch 2081  K= 7  loss=4.59716e-04  v1=0.01141  v30=0.00420  (6.4s)
epoch 2082  K= 7  loss=4.61241e-04  v1=0.01272  v30=0.00337  (6.4s)
epoch 2083  K= 7  loss=4.60095e-04  v1=0.01259  v30=0.00358  (6.4s)
epoch 2084  K= 7  loss=4.59505e-04  v1=0.01129  v30=0.00509  (6.5s)
epoch 2085  K= 7  loss=4.59181e-04  v1=0.01167  v30=0.00516  (6.4s)
epoch 2086  K= 7  loss=4.59033e-04  v1=0.01385  v30=0.00496  (6.5s)
epoch 2087  K= 7  loss=4.58144e-04  v1=0.01356  v30=0.00370  (6.4s)
epoch 2088  K= 7  loss=4.59991e-04  v1=0.01382  v30=0.00451  (6.5s)
epoch 2089  K= 7  loss=4.58507e-04  v1=0.01101  v30=0.00355  (6.5s)
epoch 2090  K= 7  loss=4.58736e-04  v1=0.01124  v30=0.00480  (6.3s)
epoch 2091  K= 7  loss=4.58386e-04  v1=0.01434  v30=0.00499  (6.6s)
epoch 2092  K= 7  loss=4.60095e-04  v1=0.01281  v30=0.00577  (6.4s)
epoch 2093  K= 7  loss=4.60272e-04  v1=0.01154  v30=0.00422  (6.5s)
epoch 2094  K= 7  loss=4.60445e-04  v1=0.01374  v30=0.00479  (6.7s)
epoch 2095  K= 7  loss=4.60242e-04  v1=0.01681  v30=0.00382  (6.5s)
epoch 2096  K= 7  loss=4.59554e-04  v1=0.01165  v30=0.00751  (6.3s)
epoch 2097  K= 7  loss=4.58929e-04  v1=0.01480  v30=0.00349  (6.3s)
epoch 2098  K= 7  loss=4.60074e-04  v1=0.01342  v30=0.00515  (6.6s)
epoch 2099  K= 7  loss=4.60107e-04  v1=0.01290  v30=0.00513  (6.4s)
epoch 2100  K= 7  loss=4.57927e-04  v1=0.01299  v30=0.00528  (6.8s)
epoch 2101  K= 7  loss=4.59969e-04  v1=0.01214  v30=0.00310  (6.6s)
epoch 2102  K= 7  loss=4.60187e-04  v1=0.01091  v30=0.00321  (6.4s)
epoch 2103  K= 7  loss=4.61622e-04  v1=0.01491  v30=0.00653  (6.5s)
epoch 2104  K= 7  loss=4.59842e-04  v1=0.01201  v30=0.00724  (6.4s)
epoch 2105  K= 7  loss=4.60729e-04  v1=0.01246  v30=0.00356  (6.7s)
epoch 2106  K= 7  loss=4.58909e-04  v1=0.01297  v30=0.00382  (6.4s)
epoch 2107  K= 7  loss=4.58220e-04  v1=0.01445  v30=0.00371  (6.6s)
epoch 2108  K= 7  loss=4.59086e-04  v1=0.01221  v30=0.00363  (6.6s)
epoch 2109  K= 7  loss=4.62697e-04  v1=0.01410  v30=0.00381  (6.5s)
epoch 2110  K= 7  loss=4.61285e-04  v1=0.01201  v30=0.00684  (6.6s)
epoch 2111  K= 7  loss=4.57649e-04  v1=0.01413  v30=0.00470  (6.7s)
epoch 2112  K= 7  loss=4.62247e-04  v1=0.01270  v30=0.00415  (6.6s)
epoch 2113  K= 7  loss=4.57989e-04  v1=0.01528  v30=0.00367  (7.1s)
epoch 2114  K= 7  loss=4.60888e-04  v1=0.01220  v30=0.00546  (6.5s)
epoch 2115  K= 7  loss=4.60660e-04  v1=0.01535  v30=0.00441  (6.5s)
epoch 2116  K= 7  loss=4.60555e-04  v1=0.01263  v30=0.00342  (6.4s)
epoch 2117  K= 7  loss=4.61623e-04  v1=0.01119  v30=0.00297  (6.7s)
epoch 2118  K= 7  loss=4.59471e-04  v1=0.01190  v30=0.00409  (6.6s)
epoch 2119  K= 7  loss=4.59390e-04  v1=0.01269  v30=0.00478  (6.4s)
epoch 2120  K= 7  loss=4.57361e-04  v1=0.01494  v30=0.00387  (6.9s)
epoch 2121  K= 7  loss=4.60292e-04  v1=0.01536  v30=0.00652  (7.0s)
epoch 2122  K= 7  loss=4.58019e-04  v1=0.01172  v30=0.00356  (6.2s)
epoch 2123  K= 7  loss=4.58463e-04  v1=0.01247  v30=0.00368  (6.3s)
epoch 2124  K= 7  loss=4.57735e-04  v1=0.01359  v30=0.00442  (6.4s)
epoch 2125  K= 7  loss=4.60998e-04  v1=0.01575  v30=0.00497  (6.2s)
epoch 2126  K= 7  loss=4.58883e-04  v1=0.01262  v30=0.00487  (7.0s)
epoch 2127  K= 7  loss=4.56185e-04  v1=0.01193  v30=0.00458  (6.8s)
epoch 2128  K= 7  loss=4.60596e-04  v1=0.01198  v30=0.00682  (6.4s)
epoch 2129  K= 7  loss=4.60731e-04  v1=0.01481  v30=0.00399  (6.5s)
epoch 2130  K= 7  loss=4.58060e-04  v1=0.01323  v30=0.00549  (6.5s)
epoch 2131  K= 7  loss=4.60515e-04  v1=0.01276  v30=0.00414  (6.6s)
epoch 2132  K= 7  loss=4.57010e-04  v1=0.01295  v30=0.00380  (6.1s)
epoch 2133  K= 7  loss=4.61718e-04  v1=0.01408  v30=0.00376  (6.5s)
epoch 2134  K= 7  loss=4.61773e-04  v1=0.01579  v30=0.00415  (6.3s)
epoch 2135  K= 7  loss=4.59203e-04  v1=0.01248  v30=0.00434  (6.2s)
epoch 2136  K= 7  loss=4.57523e-04  v1=0.01329  v30=0.00426  (6.3s)
epoch 2137  K= 7  loss=4.58819e-04  v1=0.01208  v30=0.00396  (6.5s)
epoch 2138  K= 7  loss=4.60731e-04  v1=0.01054  v30=0.00534  (6.5s)
epoch 2139  K= 7  loss=4.60895e-04  v1=0.01346  v30=0.00333  (6.1s)
epoch 2140  K= 7  loss=4.61062e-04  v1=0.01394  v30=0.00387  (6.3s)
epoch 2141  K= 7  loss=4.60580e-04  v1=0.01186  v30=0.00583  (6.3s)
epoch 2142  K= 7  loss=4.58997e-04  v1=0.01397  v30=0.00334  (6.7s)
epoch 2143  K= 7  loss=4.58607e-04  v1=0.01347  v30=0.00336  (6.4s)
epoch 2144  K= 7  loss=4.60208e-04  v1=0.01317  v30=0.00308  (6.3s)
epoch 2145  K= 7  loss=4.60979e-04  v1=0.01086  v30=0.00398  (6.4s)
epoch 2146  K= 7  loss=4.60721e-04  v1=0.01058  v30=0.00329  (6.7s)
epoch 2147  K= 7  loss=4.61645e-04  v1=0.01378  v30=0.00371  (6.7s)
epoch 2148  K= 7  loss=4.60876e-04  v1=0.01286  v30=0.00552  (6.3s)
epoch 2149  K= 7  loss=4.59386e-04  v1=0.01329  v30=0.00451  (6.5s)
epoch 2150  K= 7  loss=4.58989e-04  v1=0.01332  v30=0.00462  (6.5s)
epoch 2151  K= 7  loss=4.60866e-04  v1=0.01511  v30=0.00354  (6.3s)
epoch 2152  K= 7  loss=4.59497e-04  v1=0.01420  v30=0.00383  (6.4s)
epoch 2153  K= 7  loss=4.57428e-04  v1=0.01268  v30=0.00399  (6.4s)
epoch 2154  K= 7  loss=4.63704e-04  v1=0.01410  v30=0.00317  (6.3s)
epoch 2155  K= 7  loss=4.60825e-04  v1=0.01237  v30=0.00387  (6.6s)
epoch 2156  K= 7  loss=4.60819e-04  v1=0.01209  v30=0.00334  (6.4s)
epoch 2157  K= 7  loss=4.59316e-04  v1=0.01531  v30=0.00408  (6.2s)
epoch 2158  K= 7  loss=4.60849e-04  v1=0.01163  v30=0.00437  (6.2s)
epoch 2159  K= 7  loss=4.59284e-04  v1=0.01315  v30=0.00514  (6.2s)
epoch 2160  K= 7  loss=4.60718e-04  v1=0.01510  v30=0.00440  (6.8s)
epoch 2161  K= 7  loss=4.61383e-04  v1=0.01406  v30=0.00341  (6.2s)
epoch 2162  K= 7  loss=4.61168e-04  v1=0.01263  v30=0.00424  (6.5s)
epoch 2163  K= 7  loss=4.63274e-04  v1=0.01006  v30=0.00334  (6.4s)
epoch 2164  K= 7  loss=4.57897e-04  v1=0.01236  v30=0.00319  (6.3s)
epoch 2165  K= 7  loss=4.60829e-04  v1=0.01374  v30=0.00400  (6.3s)
epoch 2166  K= 7  loss=4.60322e-04  v1=0.00953  v30=0.00436  (6.3s)
epoch 2167  K= 7  loss=4.58340e-04  v1=0.01468  v30=0.00365  (6.3s)
epoch 2168  K= 7  loss=4.60706e-04  v1=0.01253  v30=0.00344  (6.6s)
epoch 2169  K= 7  loss=4.58066e-04  v1=0.01252  v30=0.00332  (6.4s)
epoch 2170  K= 7  loss=4.59976e-04  v1=0.01283  v30=0.00447  (6.2s)
epoch 2171  K= 7  loss=4.59464e-04  v1=0.01306  v30=0.00632  (6.7s)
epoch 2172  K= 7  loss=4.58038e-04  v1=0.01401  v30=0.00585  (6.3s)
epoch 2173  K= 7  loss=4.60877e-04  v1=0.01134  v30=0.00379  (6.5s)
epoch 2174  K= 7  loss=4.58733e-04  v1=0.01407  v30=0.00482  (6.4s)
epoch 2175  K= 7  loss=4.60315e-04  v1=0.01084  v30=0.00509  (6.5s)
epoch 2176  K= 7  loss=4.59210e-04  v1=0.01367  v30=0.00421  (6.4s)
epoch 2177  K= 7  loss=4.59784e-04  v1=0.01181  v30=0.00515  (6.5s)
epoch 2178  K= 7  loss=4.57733e-04  v1=0.01754  v30=0.00323  (6.4s)
epoch 2179  K= 7  loss=4.59379e-04  v1=0.01126  v30=0.00629  (6.3s)
epoch 2180  K= 7  loss=4.62257e-04  v1=0.01223  v30=0.00624  (6.3s)
epoch 2181  K= 7  loss=4.58657e-04  v1=0.01217  v30=0.00422  (6.3s)
epoch 2182  K= 7  loss=4.59028e-04  v1=0.01317  v30=0.00447  (6.6s)
epoch 2183  K= 7  loss=4.61916e-04  v1=0.00910  v30=0.00453  (7.0s)
epoch 2184  K= 7  loss=4.58742e-04  v1=0.01362  v30=0.00348  (6.7s)
epoch 2185  K= 7  loss=4.57274e-04  v1=0.01040  v30=0.00334  (6.9s)
epoch 2186  K= 7  loss=4.61064e-04  v1=0.01232  v30=0.00539  (6.8s)
epoch 2187  K= 7  loss=4.58410e-04  v1=0.01415  v30=0.00549  (7.0s)
epoch 2188  K= 7  loss=4.57998e-04  v1=0.01402  v30=0.00358  (6.3s)
epoch 2189  K= 7  loss=4.60946e-04  v1=0.01335  v30=0.00517  (7.4s)
epoch 2190  K= 7  loss=4.57958e-04  v1=0.01341  v30=0.00343  (6.4s)
epoch 2191  K= 7  loss=4.59801e-04  v1=0.01209  v30=0.00528  (6.4s)
epoch 2192  K= 7  loss=4.58941e-04  v1=0.01399  v30=0.00411  (6.3s)
epoch 2193  K= 7  loss=4.60969e-04  v1=0.01287  v30=0.00355  (7.0s)
epoch 2194  K= 7  loss=4.61212e-04  v1=0.01128  v30=0.00541  (6.4s)
epoch 2195  K= 7  loss=4.60199e-04  v1=0.01322  v30=0.00406  (6.4s)
epoch 2196  K= 7  loss=4.57932e-04  v1=0.01074  v30=0.00377  (6.3s)
epoch 2197  K= 7  loss=4.58275e-04  v1=0.01231  v30=0.00408  (6.1s)
epoch 2198  K= 7  loss=4.60102e-04  v1=0.01160  v30=0.00325  (6.3s)
epoch 2199  K= 7  loss=4.59067e-04  v1=0.01533  v30=0.00390  (6.1s)
epoch 2200  K= 7  loss=4.59769e-04  v1=0.01530  v30=0.00344  (6.3s)
epoch 2201  K= 7  loss=4.58901e-04  v1=0.01494  v30=0.00378  (6.2s)
epoch 2202  K= 7  loss=4.61844e-04  v1=0.01425  v30=0.00351  (6.5s)
epoch 2203  K= 7  loss=4.60664e-04  v1=0.01203  v30=0.00377  (6.4s)
epoch 2204  K= 7  loss=4.58129e-04  v1=0.01704  v30=0.00357  (6.3s)
epoch 2205  K= 7  loss=4.61233e-04  v1=0.01090  v30=0.00382  (6.4s)
epoch 2206  K= 7  loss=4.58094e-04  v1=0.01246  v30=0.00939  (6.2s)
epoch 2207  K= 7  loss=4.63856e-04  v1=0.01204  v30=0.00453  (6.6s)
epoch 2208  K= 7  loss=4.59740e-04  v1=0.01293  v30=0.00525  (6.4s)
epoch 2209  K= 7  loss=4.59021e-04  v1=0.01428  v30=0.00628  (6.6s)
epoch 2210  K= 7  loss=4.59024e-04  v1=0.01072  v30=0.00371  (6.3s)
epoch 2211  K= 7  loss=4.60850e-04  v1=0.01202  v30=0.00562  (6.4s)
epoch 2212  K= 7  loss=4.61183e-04  v1=0.01536  v30=0.00517  (6.6s)
epoch 2213  K= 7  loss=4.57802e-04  v1=0.01112  v30=0.00380  (6.9s)
epoch 2214  K= 7  loss=4.60622e-04  v1=0.01109  v30=0.00342  (6.4s)
epoch 2215  K= 7  loss=4.58653e-04  v1=0.01275  v30=0.00616  (6.5s)
epoch 2216  K= 7  loss=4.57020e-04  v1=0.01322  v30=0.00472  (6.6s)
epoch 2217  K= 7  loss=4.61024e-04  v1=0.01247  v30=0.00413  (6.5s)
epoch 2218  K= 7  loss=4.58382e-04  v1=0.01438  v30=0.00382  (6.7s)
epoch 2219  K= 7  loss=4.60312e-04  v1=0.01288  v30=0.00392  (6.4s)
epoch 2220  K= 7  loss=4.60041e-04  v1=0.01306  v30=0.00347  (6.5s)
epoch 2221  K= 7  loss=4.61943e-04  v1=0.01509  v30=0.00328  (6.5s)
epoch 2222  K= 7  loss=4.58143e-04  v1=0.01485  v30=0.00306  (6.3s)
epoch 2223  K= 7  loss=4.59462e-04  v1=0.01433  v30=0.00664  (6.2s)
epoch 2224  K= 7  loss=4.60046e-04  v1=0.00978  v30=0.00442  (6.3s)
epoch 2225  K= 7  loss=4.61577e-04  v1=0.01203  v30=0.00300  (6.3s)
epoch 2226  K= 7  loss=4.60863e-04  v1=0.01312  v30=0.00702  (6.4s)
epoch 2227  K= 7  loss=4.59814e-04  v1=0.01271  v30=0.00357  (6.2s)
epoch 2228  K= 7  loss=4.59211e-04  v1=0.01037  v30=0.00446  (6.3s)
epoch 2229  K= 7  loss=4.59590e-04  v1=0.01039  v30=0.00396  (6.4s)
epoch 2230  K= 7  loss=4.58448e-04  v1=0.01118  v30=0.00351  (6.2s)
epoch 2231  K= 7  loss=4.60464e-04  v1=0.01201  v30=0.00387  (6.5s)
epoch 2232  K= 7  loss=4.59428e-04  v1=0.01305  v30=0.00380  (6.5s)
epoch 2233  K= 7  loss=4.57776e-04  v1=0.01406  v30=0.00323  (6.5s)
epoch 2234  K= 7  loss=4.59503e-04  v1=0.01482  v30=0.00412  (6.3s)
epoch 2235  K= 7  loss=4.59265e-04  v1=0.01186  v30=0.00478  (6.4s)
epoch 2236  K= 7  loss=4.59410e-04  v1=0.01418  v30=0.00457  (6.7s)
epoch 2237  K= 7  loss=4.62054e-04  v1=0.01217  v30=0.00756  (6.4s)
epoch 2238  K= 7  loss=4.59221e-04  v1=0.01438  v30=0.00415  (6.1s)
epoch 2239  K= 7  loss=4.61652e-04  v1=0.01287  v30=0.00532  (6.4s)
epoch 2240  K= 7  loss=4.57763e-04  v1=0.01548  v30=0.00346  (6.8s)
epoch 2241  K= 7  loss=4.59616e-04  v1=0.01422  v30=0.00520  (6.3s)
epoch 2242  K= 7  loss=4.61380e-04  v1=0.01649  v30=0.00352  (6.2s)
epoch 2243  K= 7  loss=4.60363e-04  v1=0.01339  v30=0.00575  (6.9s)
epoch 2244  K= 7  loss=4.59347e-04  v1=0.01162  v30=0.00321  (6.2s)
epoch 2245  K= 7  loss=4.60128e-04  v1=0.01287  v30=0.00358  (6.4s)
epoch 2246  K= 7  loss=4.58913e-04  v1=0.01253  v30=0.00314  (6.4s)
epoch 2247  K= 7  loss=4.59480e-04  v1=0.01494  v30=0.00450  (6.3s)
epoch 2248  K= 7  loss=4.60353e-04  v1=0.01543  v30=0.00625  (6.2s)
epoch 2249  K= 7  loss=4.59233e-04  v1=0.01615  v30=0.00400  (6.5s)
epoch 2250  K= 7  loss=4.62738e-04  v1=0.01607  v30=0.00420  (6.6s)
epoch 2251  K= 7  loss=4.61683e-04  v1=0.01380  v30=0.00671  (6.2s)
epoch 2252  K= 7  loss=4.59944e-04  v1=0.01318  v30=0.00438  (6.5s)
epoch 2253  K= 7  loss=4.61014e-04  v1=0.01307  v30=0.00416  (6.2s)
epoch 2254  K= 7  loss=4.60136e-04  v1=0.01188  v30=0.00566  (6.3s)
epoch 2255  K= 7  loss=4.58026e-04  v1=0.01310  v30=0.00621  (6.3s)
epoch 2256  K= 7  loss=4.60949e-04  v1=0.01098  v30=0.00435  (6.4s)
epoch 2257  K= 7  loss=4.57175e-04  v1=0.01211  v30=0.00322  (6.7s)
epoch 2258  K= 7  loss=4.59917e-04  v1=0.01392  v30=0.00501  (6.4s)
epoch 2259  K= 7  loss=4.58403e-04  v1=0.01422  v30=0.00452  (6.2s)
epoch 2260  K= 7  loss=4.60757e-04  v1=0.01479  v30=0.00784  (6.2s)
epoch 2261  K= 7  loss=4.57391e-04  v1=0.01166  v30=0.00359  (6.3s)
epoch 2262  K= 7  loss=4.60202e-04  v1=0.01249  v30=0.00344  (6.2s)
epoch 2263  K= 7  loss=4.60452e-04  v1=0.01238  v30=0.00550  (6.7s)
epoch 2264  K= 7  loss=4.58793e-04  v1=0.01428  v30=0.00396  (6.3s)
epoch 2265  K= 7  loss=4.61233e-04  v1=0.01073  v30=0.00356  (6.4s)
epoch 2266  K= 7  loss=4.60315e-04  v1=0.01521  v30=0.00371  (6.7s)
epoch 2267  K= 7  loss=4.59047e-04  v1=0.01340  v30=0.00387  (6.4s)
epoch 2268  K= 7  loss=4.60223e-04  v1=0.01309  v30=0.00519  (6.3s)
epoch 2269  K= 7  loss=4.61591e-04  v1=0.01289  v30=0.00368  (6.7s)
epoch 2270  K= 7  loss=4.58210e-04  v1=0.01386  v30=0.00472  (6.4s)
epoch 2271  K= 7  loss=4.58984e-04  v1=0.01484  v30=0.00484  (6.1s)
epoch 2272  K= 7  loss=4.58906e-04  v1=0.01381  v30=0.00369  (6.3s)
epoch 2273  K= 7  loss=4.59526e-04  v1=0.01354  v30=0.00330  (6.5s)
epoch 2274  K= 7  loss=4.60419e-04  v1=0.01102  v30=0.00389  (6.4s)
epoch 2275  K= 7  loss=4.60174e-04  v1=0.01294  v30=0.00542  (6.6s)
epoch 2276  K= 7  loss=4.60899e-04  v1=0.01186  v30=0.00453  (6.5s)
epoch 2277  K= 7  loss=4.58937e-04  v1=0.01096  v30=0.00395  (6.5s)
epoch 2278  K= 7  loss=4.60146e-04  v1=0.01538  v30=0.00452  (6.4s)
epoch 2279  K= 7  loss=4.60657e-04  v1=0.01453  v30=0.00843  (6.4s)
epoch 2280  K= 7  loss=4.60753e-04  v1=0.01660  v30=0.00431  (6.2s)
epoch 2281  K= 7  loss=4.56977e-04  v1=0.01340  v30=0.00900  (6.5s)
epoch 2282  K= 7  loss=4.61485e-04  v1=0.01222  v30=0.00318  (6.2s)
epoch 2283  K= 7  loss=4.61431e-04  v1=0.01270  v30=0.00470  (6.3s)
epoch 2284  K= 7  loss=4.58511e-04  v1=0.01274  v30=0.00500  (6.5s)
epoch 2285  K= 7  loss=4.61345e-04  v1=0.01531  v30=0.00375  (6.4s)
epoch 2286  K= 7  loss=4.59147e-04  v1=0.01490  v30=0.00377  (6.3s)
epoch 2287  K= 7  loss=4.59205e-04  v1=0.01334  v30=0.00732  (6.3s)
epoch 2288  K= 7  loss=4.59618e-04  v1=0.01271  v30=0.00374  (6.5s)
epoch 2289  K= 7  loss=4.58682e-04  v1=0.01404  v30=0.00351  (6.3s)
epoch 2290  K= 7  loss=4.58655e-04  v1=0.01379  v30=0.00309  (6.5s)
epoch 2291  K= 7  loss=4.63938e-04  v1=0.01469  v30=0.00766  (6.6s)
epoch 2292  K= 7  loss=4.59097e-04  v1=0.01515  v30=0.00384  (6.6s)
epoch 2293  K= 7  loss=4.57535e-04  v1=0.01291  v30=0.00661  (6.2s)
epoch 2294  K= 7  loss=4.61225e-04  v1=0.01092  v30=0.00379  (6.5s)
epoch 2295  K= 7  loss=4.61292e-04  v1=0.01311  v30=0.00427  (6.5s)
epoch 2296  K= 7  loss=4.61710e-04  v1=0.01329  v30=0.00381  (6.9s)
epoch 2297  K= 7  loss=4.59570e-04  v1=0.01254  v30=0.00636  (6.8s)
epoch 2298  K= 7  loss=4.59597e-04  v1=0.01064  v30=0.00428  (6.9s)
epoch 2299  K= 7  loss=4.63179e-04  v1=0.01230  v30=0.00383  (6.5s)
epoch 2300  K= 7  loss=4.62187e-04  v1=0.01356  v30=0.00405  (6.2s)
epoch 2301  K= 7  loss=4.61323e-04  v1=0.01133  v30=0.00443  (6.4s)
epoch 2302  K= 7  loss=4.58700e-04  v1=0.01101  v30=0.00372  (6.2s)
epoch 2303  K= 7  loss=4.58362e-04  v1=0.01560  v30=0.00592  (6.3s)
epoch 2304  K= 7  loss=4.58918e-04  v1=0.01146  v30=0.00441  (6.4s)
epoch 2305  K= 7  loss=4.59823e-04  v1=0.01294  v30=0.00372  (6.5s)
epoch 2306  K= 7  loss=4.60847e-04  v1=0.01241  v30=0.00358  (6.5s)
epoch 2307  K= 7  loss=4.61777e-04  v1=0.01392  v30=0.00453  (6.5s)
epoch 2308  K= 7  loss=4.57203e-04  v1=0.01660  v30=0.00399  (6.4s)
epoch 2309  K= 7  loss=4.59497e-04  v1=0.01162  v30=0.00309  (6.4s)
epoch 2310  K= 7  loss=4.59072e-04  v1=0.01452  v30=0.00350  (6.5s)
epoch 2311  K= 7  loss=4.57988e-04  v1=0.01381  v30=0.00349  (6.8s)
epoch 2312  K= 7  loss=4.59419e-04  v1=0.01235  v30=0.00338  (6.4s)
epoch 2313  K= 7  loss=4.60063e-04  v1=0.01241  v30=0.00317  (6.2s)
epoch 2314  K= 7  loss=4.60228e-04  v1=0.01633  v30=0.00382  (6.2s)
epoch 2315  K= 7  loss=4.60555e-04  v1=0.01272  v30=0.00474  (6.4s)
epoch 2316  K= 7  loss=4.62307e-04  v1=0.01114  v30=0.00385  (6.7s)
epoch 2317  K= 7  loss=4.59082e-04  v1=0.01685  v30=0.00321  (6.6s)
epoch 2318  K= 7  loss=4.60769e-04  v1=0.01202  v30=0.00635  (6.5s)
epoch 2319  K= 7  loss=4.60039e-04  v1=0.01217  v30=0.00400  (6.2s)
epoch 2320  K= 7  loss=4.58845e-04  v1=0.01196  v30=0.00693  (6.5s)
epoch 2321  K= 7  loss=4.61155e-04  v1=0.01306  v30=0.00397  (6.5s)
epoch 2322  K= 7  loss=4.57600e-04  v1=0.01245  v30=0.00380  (6.4s)
epoch 2323  K= 7  loss=4.60390e-04  v1=0.01253  v30=0.00437  (6.2s)
epoch 2324  K= 7  loss=4.60860e-04  v1=0.01211  v30=0.00497  (6.5s)
epoch 2325  K= 7  loss=4.59892e-04  v1=0.01357  v30=0.00417  (6.5s)
epoch 2326  K= 7  loss=4.58623e-04  v1=0.01268  v30=0.00407  (6.4s)
epoch 2327  K= 7  loss=4.57857e-04  v1=0.01429  v30=0.00467  (6.3s)
epoch 2328  K= 7  loss=4.60959e-04  v1=0.01292  v30=0.00335  (6.4s)
epoch 2329  K= 7  loss=4.59917e-04  v1=0.01187  v30=0.00338  (6.5s)
epoch 2330  K= 7  loss=4.60939e-04  v1=0.01317  v30=0.00453  (6.4s)
epoch 2331  K= 7  loss=4.61493e-04  v1=0.01191  v30=0.00366  (6.5s)
epoch 2332  K= 7  loss=4.58530e-04  v1=0.01415  v30=0.00342  (6.8s)
epoch 2333  K= 7  loss=4.61202e-04  v1=0.01063  v30=0.00357  (6.9s)
epoch 2334  K= 7  loss=4.57780e-04  v1=0.01281  v30=0.00340  (6.3s)
epoch 2335  K= 7  loss=4.58899e-04  v1=0.01371  v30=0.00391  (6.4s)
epoch 2336  K= 7  loss=4.59118e-04  v1=0.01166  v30=0.00300  (6.2s)
epoch 2337  K= 7  loss=4.62133e-04  v1=0.01401  v30=0.00342  (6.4s)
epoch 2338  K= 7  loss=4.58272e-04  v1=0.01328  v30=0.00332  (6.2s)
epoch 2339  K= 7  loss=4.58640e-04  v1=0.01315  v30=0.00427  (6.3s)
epoch 2340  K= 7  loss=4.58291e-04  v1=0.01378  v30=0.00371  (6.5s)
epoch 2341  K= 7  loss=4.62037e-04  v1=0.01171  v30=0.00410  (6.5s)
epoch 2342  K= 7  loss=4.60308e-04  v1=0.01291  v30=0.00420  (6.4s)
epoch 2343  K= 7  loss=4.59745e-04  v1=0.01452  v30=0.00700  (6.5s)
epoch 2344  K= 7  loss=4.58456e-04  v1=0.01297  v30=0.00598  (6.7s)
epoch 2345  K= 7  loss=4.60640e-04  v1=0.01143  v30=0.00557  (6.4s)
epoch 2346  K= 7  loss=4.59640e-04  v1=0.01449  v30=0.00419  (6.3s)
epoch 2347  K= 7  loss=4.60276e-04  v1=0.01107  v30=0.00481  (6.3s)
epoch 2348  K= 7  loss=4.59480e-04  v1=0.01367  v30=0.00385  (6.5s)
epoch 2349  K= 7  loss=4.59345e-04  v1=0.00992  v30=0.00819  (6.6s)
epoch 2350  K= 7  loss=4.58605e-04  v1=0.01199  v30=0.00367  (6.3s)
epoch 2351  K= 7  loss=4.57974e-04  v1=0.01254  v30=0.00408  (6.5s)
epoch 2352  K= 7  loss=4.60445e-04  v1=0.01420  v30=0.00420  (6.3s)
epoch 2353  K= 7  loss=4.60145e-04  v1=0.01268  v30=0.00422  (6.2s)
epoch 2354  K= 7  loss=4.59563e-04  v1=0.00987  v30=0.00481  (6.3s)
epoch 2355  K= 7  loss=4.61064e-04  v1=0.01249  v30=0.00526  (6.4s)
epoch 2356  K= 7  loss=4.59343e-04  v1=0.01189  v30=0.00577  (6.3s)
epoch 2357  K= 7  loss=4.58238e-04  v1=0.01271  v30=0.00357  (6.4s)
epoch 2358  K= 7  loss=4.58005e-04  v1=0.01319  v30=0.00503  (6.3s)
epoch 2359  K= 7  loss=4.59704e-04  v1=0.01376  v30=0.00325  (6.3s)
epoch 2360  K= 7  loss=4.58733e-04  v1=0.01254  v30=0.00354  (6.8s)
epoch 2361  K= 7  loss=4.61439e-04  v1=0.01536  v30=0.00439  (6.2s)
epoch 2362  K= 7  loss=4.59342e-04  v1=0.01195  v30=0.00411  (6.3s)
epoch 2363  K= 7  loss=4.60458e-04  v1=0.01316  v30=0.00326  (6.3s)
epoch 2364  K= 7  loss=4.61934e-04  v1=0.01165  v30=0.00405  (6.4s)
epoch 2365  K= 7  loss=4.60150e-04  v1=0.01315  v30=0.00510  (6.4s)
epoch 2366  K= 7  loss=4.58047e-04  v1=0.01305  v30=0.00476  (6.2s)
epoch 2367  K= 7  loss=4.62580e-04  v1=0.01262  v30=0.00364  (6.3s)
epoch 2368  K= 7  loss=4.61662e-04  v1=0.01491  v30=0.00606  (6.4s)
epoch 2369  K= 7  loss=4.61137e-04  v1=0.01294  v30=0.00345  (6.2s)
epoch 2370  K= 7  loss=4.58153e-04  v1=0.01212  v30=0.00390  (6.4s)
epoch 2371  K= 7  loss=4.61072e-04  v1=0.01213  v30=0.00528  (6.5s)
epoch 2372  K= 7  loss=4.58104e-04  v1=0.01039  v30=0.00378  (6.4s)
epoch 2373  K= 7  loss=4.58168e-04  v1=0.01315  v30=0.00340  (6.5s)
epoch 2374  K= 7  loss=4.60285e-04  v1=0.01391  v30=0.00816  (6.6s)
epoch 2375  K= 7  loss=4.61423e-04  v1=0.01239  v30=0.00571  (6.3s)
epoch 2376  K= 7  loss=4.58970e-04  v1=0.01159  v30=0.00420  (6.4s)
epoch 2377  K= 7  loss=4.61484e-04  v1=0.01156  v30=0.00557  (6.4s)
epoch 2378  K= 7  loss=4.61474e-04  v1=0.01130  v30=0.00526  (6.3s)
epoch 2379  K= 7  loss=4.58970e-04  v1=0.01514  v30=0.00316  (6.2s)
epoch 2380  K= 7  loss=4.61480e-04  v1=0.01247  v30=0.00381  (6.3s)
epoch 2381  K= 7  loss=4.59119e-04  v1=0.01440  v30=0.00413  (6.5s)
epoch 2382  K= 7  loss=4.57944e-04  v1=0.01278  v30=0.01004  (6.2s)
epoch 2383  K= 7  loss=4.61015e-04  v1=0.01304  v30=0.00457  (6.6s)
epoch 2384  K= 7  loss=4.59452e-04  v1=0.01114  v30=0.00385  (6.8s)
epoch 2385  K= 7  loss=4.59262e-04  v1=0.01475  v30=0.00484  (7.1s)
epoch 2386  K= 7  loss=4.61703e-04  v1=0.01581  v30=0.00347  (6.5s)
epoch 2387  K= 7  loss=4.60434e-04  v1=0.01305  v30=0.00434  (6.5s)
epoch 2388  K= 7  loss=4.59117e-04  v1=0.01417  v30=0.00328  (6.5s)
epoch 2389  K= 7  loss=4.58791e-04  v1=0.00994  v30=0.00571  (6.3s)
epoch 2390  K= 7  loss=4.61055e-04  v1=0.01095  v30=0.00356  (6.5s)
epoch 2391  K= 7  loss=4.59232e-04  v1=0.01331  v30=0.00382  (6.4s)
epoch 2392  K= 7  loss=4.59869e-04  v1=0.01310  v30=0.00492  (6.4s)
epoch 2393  K= 7  loss=4.60486e-04  v1=0.01247  v30=0.00523  (6.7s)
epoch 2394  K= 7  loss=4.60913e-04  v1=0.01276  v30=0.00372  (6.3s)
epoch 2395  K= 7  loss=4.58071e-04  v1=0.01265  v30=0.00567  (6.3s)
epoch 2396  K= 7  loss=4.60232e-04  v1=0.01428  v30=0.00611  (6.3s)
epoch 2397  K= 7  loss=4.58318e-04  v1=0.01539  v30=0.00438  (6.4s)
epoch 2398  K= 7  loss=4.59205e-04  v1=0.01260  v30=0.00307  (6.3s)
epoch 2399  K= 7  loss=4.61284e-04  v1=0.01179  v30=0.00325  (6.7s)
epoch 2400  K= 7  loss=4.59990e-04  v1=0.01161  v30=0.00419  (6.5s)
epoch 2401  K= 7  loss=4.59489e-04  v1=0.01487  v30=0.00665  (6.4s)
epoch 2402  K= 7  loss=4.58514e-04  v1=0.01085  v30=0.00419  (6.4s)
epoch 2403  K= 7  loss=4.58943e-04  v1=0.01249  v30=0.00426  (6.3s)
epoch 2404  K= 7  loss=4.58209e-04  v1=0.01335  v30=0.00363  (6.5s)
epoch 2405  K= 7  loss=4.63117e-04  v1=0.01405  v30=0.00325  (6.4s)
epoch 2406  K= 7  loss=4.58754e-04  v1=0.01636  v30=0.00332  (6.6s)
epoch 2407  K= 7  loss=4.58999e-04  v1=0.01525  v30=0.00414  (6.9s)
epoch 2408  K= 7  loss=4.59599e-04  v1=0.01460  v30=0.00447  (6.7s)
epoch 2409  K= 7  loss=4.59387e-04  v1=0.01660  v30=0.00350  (6.4s)
epoch 2410  K= 7  loss=4.56695e-04  v1=0.01355  v30=0.00633  (6.3s)
epoch 2411  K= 7  loss=4.61290e-04  v1=0.01267  v30=0.00339  (6.5s)
epoch 2412  K= 7  loss=4.59261e-04  v1=0.01088  v30=0.00547  (6.4s)
epoch 2413  K= 7  loss=4.59282e-04  v1=0.01572  v30=0.00523  (6.1s)
epoch 2414  K= 7  loss=4.57905e-04  v1=0.01138  v30=0.00374  (6.6s)
epoch 2415  K= 7  loss=4.58424e-04  v1=0.01196  v30=0.00434  (6.2s)
epoch 2416  K= 7  loss=4.60675e-04  v1=0.01619  v30=0.00410  (6.3s)
epoch 2417  K= 7  loss=4.58144e-04  v1=0.01279  v30=0.00358  (6.5s)
epoch 2418  K= 7  loss=4.62427e-04  v1=0.01371  v30=0.00442  (6.9s)
epoch 2419  K= 7  loss=4.59964e-04  v1=0.01373  v30=0.00304  (6.7s)
epoch 2420  K= 7  loss=4.60672e-04  v1=0.01051  v30=0.00495  (6.3s)
epoch 2421  K= 7  loss=4.63212e-04  v1=0.01476  v30=0.00384  (6.3s)
epoch 2422  K= 7  loss=4.60078e-04  v1=0.01155  v30=0.00678  (6.5s)
epoch 2423  K= 7  loss=4.58728e-04  v1=0.01506  v30=0.00393  (6.2s)
epoch 2424  K= 7  loss=4.60322e-04  v1=0.01062  v30=0.00405  (6.5s)
epoch 2425  K= 7  loss=4.58748e-04  v1=0.01093  v30=0.00553  (6.4s)
epoch 2426  K= 7  loss=4.59121e-04  v1=0.01308  v30=0.00435  (6.4s)
epoch 2427  K= 7  loss=4.58915e-04  v1=0.01295  v30=0.00390  (6.4s)
epoch 2428  K= 7  loss=4.61128e-04  v1=0.01013  v30=0.00396  (6.4s)
epoch 2429  K= 7  loss=4.61466e-04  v1=0.01356  v30=0.00455  (6.6s)
epoch 2430  K= 7  loss=4.58905e-04  v1=0.01425  v30=0.00401  (6.3s)
epoch 2431  K= 7  loss=4.59638e-04  v1=0.01265  v30=0.00339  (6.4s)
epoch 2432  K= 7  loss=4.60231e-04  v1=0.01205  v30=0.00435  (6.3s)
epoch 2433  K= 7  loss=4.61684e-04  v1=0.01496  v30=0.00512  (6.3s)
epoch 2434  K= 7  loss=4.62571e-04  v1=0.01259  v30=0.00376  (6.3s)
epoch 2435  K= 7  loss=4.61128e-04  v1=0.01609  v30=0.00380  (6.3s)
epoch 2436  K= 7  loss=4.59014e-04  v1=0.01208  v30=0.00309  (6.4s)
epoch 2437  K= 7  loss=4.56725e-04  v1=0.01129  v30=0.00414  (6.5s)
epoch 2438  K= 7  loss=4.59286e-04  v1=0.01348  v30=0.00341  (6.4s)
epoch 2439  K= 7  loss=4.59573e-04  v1=0.01282  v30=0.00668  (6.7s)
epoch 2440  K= 7  loss=4.58855e-04  v1=0.01071  v30=0.00466  (6.3s)
epoch 2441  K= 7  loss=4.60760e-04  v1=0.01325  v30=0.00415  (6.5s)
epoch 2442  K= 7  loss=4.59566e-04  v1=0.01253  v30=0.00479  (6.4s)
epoch 2443  K= 7  loss=4.58870e-04  v1=0.01161  v30=0.00431  (6.2s)
epoch 2444  K= 7  loss=4.60023e-04  v1=0.01090  v30=0.00431  (6.2s)
epoch 2445  K= 7  loss=4.57800e-04  v1=0.01175  v30=0.00327  (6.3s)
epoch 2446  K= 7  loss=4.58169e-04  v1=0.01093  v30=0.00355  (6.4s)
epoch 2447  K= 7  loss=4.57943e-04  v1=0.01270  v30=0.00391  (6.3s)
epoch 2448  K= 7  loss=4.60228e-04  v1=0.01237  v30=0.00376  (6.2s)
epoch 2449  K= 7  loss=4.58252e-04  v1=0.01541  v30=0.00421  (6.3s)
epoch 2450  K= 7  loss=4.58608e-04  v1=0.01278  v30=0.00412  (6.4s)
epoch 2451  K= 7  loss=4.56487e-04  v1=0.01279  v30=0.00525  (6.6s)
epoch 2452  K= 7  loss=4.60479e-04  v1=0.01221  v30=0.00402  (6.3s)
epoch 2453  K= 7  loss=4.58744e-04  v1=0.01455  v30=0.00658  (6.7s)
epoch 2454  K= 7  loss=4.60662e-04  v1=0.01107  v30=0.00409  (6.4s)
epoch 2455  K= 7  loss=4.60950e-04  v1=0.01357  v30=0.00471  (6.5s)
epoch 2456  K= 7  loss=4.61953e-04  v1=0.01130  v30=0.00552  (6.6s)
epoch 2457  K= 7  loss=4.59222e-04  v1=0.01713  v30=0.00457  (6.7s)
epoch 2458  K= 7  loss=4.58368e-04  v1=0.01254  v30=0.00353  (6.6s)
epoch 2459  K= 7  loss=4.60557e-04  v1=0.01329  v30=0.00397  (6.5s)
epoch 2460  K= 7  loss=4.59359e-04  v1=0.01262  v30=0.00838  (6.3s)
epoch 2461  K= 7  loss=4.61980e-04  v1=0.01336  v30=0.00527  (6.4s)
epoch 2462  K= 7  loss=4.61302e-04  v1=0.01320  v30=0.00351  (6.2s)
epoch 2463  K= 7  loss=4.57798e-04  v1=0.01296  v30=0.00427  (6.7s)
epoch 2464  K= 7  loss=4.59119e-04  v1=0.01138  v30=0.00458  (6.5s)
epoch 2465  K= 7  loss=4.60644e-04  v1=0.01296  v30=0.00400  (6.3s)
epoch 2466  K= 7  loss=4.60495e-04  v1=0.01238  v30=0.00315  (6.4s)
epoch 2467  K= 7  loss=4.60560e-04  v1=0.01437  v30=0.00671  (6.3s)
epoch 2468  K= 7  loss=4.59947e-04  v1=0.01290  v30=0.00359  (6.4s)
epoch 2469  K= 7  loss=4.60033e-04  v1=0.01309  v30=0.00759  (6.2s)
epoch 2470  K= 7  loss=4.60571e-04  v1=0.01415  v30=0.00415  (6.4s)
epoch 2471  K= 7  loss=4.58524e-04  v1=0.01380  v30=0.00394  (6.4s)
epoch 2472  K= 7  loss=4.61028e-04  v1=0.01069  v30=0.00613  (6.6s)
epoch 2473  K= 7  loss=4.57242e-04  v1=0.01181  v30=0.00625  (7.2s)
epoch 2474  K= 7  loss=4.58828e-04  v1=0.01468  v30=0.00542  (6.3s)
epoch 2475  K= 7  loss=4.60587e-04  v1=0.01357  v30=0.00349  (6.5s)
epoch 2476  K= 7  loss=4.59334e-04  v1=0.01364  v30=0.00333  (6.6s)
epoch 2477  K= 7  loss=4.59308e-04  v1=0.01501  v30=0.00614  (7.0s)
epoch 2478  K= 7  loss=4.59613e-04  v1=0.01348  v30=0.00311  (6.2s)
epoch 2479  K= 7  loss=4.60242e-04  v1=0.01162  v30=0.00328  (6.6s)
epoch 2480  K= 7  loss=4.60147e-04  v1=0.01371  v30=0.00591  (6.3s)
epoch 2481  K= 7  loss=4.57472e-04  v1=0.01644  v30=0.00397  (6.5s)
epoch 2482  K= 7  loss=4.57787e-04  v1=0.00971  v30=0.00332  (6.9s)
epoch 2483  K= 7  loss=4.59366e-04  v1=0.01185  v30=0.00681  (6.8s)
epoch 2484  K= 7  loss=4.59914e-04  v1=0.01206  v30=0.00298  (6.6s)
epoch 2485  K= 7  loss=4.60435e-04  v1=0.01225  v30=0.00504  (6.9s)
epoch 2486  K= 7  loss=4.58526e-04  v1=0.01462  v30=0.00653  (6.6s)
epoch 2487  K= 7  loss=4.59434e-04  v1=0.01067  v30=0.00732  (7.0s)
epoch 2488  K= 7  loss=4.59244e-04  v1=0.01234  v30=0.00461  (6.8s)
epoch 2489  K= 7  loss=4.59914e-04  v1=0.01124  v30=0.00482  (6.5s)
epoch 2490  K= 7  loss=4.58977e-04  v1=0.01656  v30=0.00406  (6.4s)
epoch 2491  K= 7  loss=4.60552e-04  v1=0.01311  v30=0.00422  (6.4s)
epoch 2492  K= 7  loss=4.59360e-04  v1=0.01249  v30=0.00521  (6.4s)
epoch 2493  K= 7  loss=4.59342e-04  v1=0.01115  v30=0.00412  (6.4s)
epoch 2494  K= 7  loss=4.60576e-04  v1=0.01438  v30=0.00526  (6.4s)
epoch 2495  K= 7  loss=4.59515e-04  v1=0.01214  v30=0.00717  (6.3s)
epoch 2496  K= 7  loss=4.58146e-04  v1=0.01141  v30=0.00381  (6.1s)
epoch 2497  K= 7  loss=4.59654e-04  v1=0.01661  v30=0.00532  (6.2s)
epoch 2498  K= 7  loss=4.58623e-04  v1=0.01239  v30=0.00313  (6.3s)
epoch 2499  K= 7  loss=4.60436e-04  v1=0.01326  v30=0.00643  (6.3s)
epoch 2500  K= 7  loss=4.59788e-04  v1=0.01251  v30=0.00365  (6.3s)
epoch 2501  K= 7  loss=4.60498e-04  v1=0.01107  v30=0.00369  (6.5s)
epoch 2502  K= 7  loss=4.60066e-04  v1=0.01328  v30=0.00347  (6.7s)
epoch 2503  K= 7  loss=4.60742e-04  v1=0.01420  v30=0.00442  (6.3s)
epoch 2504  K= 7  loss=4.62598e-04  v1=0.01253  v30=0.00455  (6.2s)
epoch 2505  K= 7  loss=4.57309e-04  v1=0.01363  v30=0.00322  (6.4s)
epoch 2506  K= 7  loss=4.58602e-04  v1=0.01399  v30=0.00354  (6.4s)
epoch 2507  K= 7  loss=4.58212e-04  v1=0.01283  v30=0.00623  (6.3s)
epoch 2508  K= 7  loss=4.60167e-04  v1=0.01169  v30=0.00688  (6.4s)
epoch 2509  K= 7  loss=4.58551e-04  v1=0.01403  v30=0.00588  (6.3s)
epoch 2510  K= 7  loss=4.60459e-04  v1=0.01017  v30=0.00323  (6.2s)
epoch 2511  K= 7  loss=4.59743e-04  v1=0.01641  v30=0.00603  (6.3s)
epoch 2512  K= 7  loss=4.59424e-04  v1=0.01436  v30=0.00461  (6.3s)
epoch 2513  K= 7  loss=4.59222e-04  v1=0.01249  v30=0.00436  (6.7s)
epoch 2514  K= 7  loss=4.59017e-04  v1=0.01339  v30=0.00343  (6.4s)
epoch 2515  K= 7  loss=4.58962e-04  v1=0.01127  v30=0.00437  (6.3s)
epoch 2516  K= 7  loss=4.58878e-04  v1=0.01726  v30=0.00659  (6.7s)
epoch 2517  K= 7  loss=4.59746e-04  v1=0.01262  v30=0.00749  (6.3s)
epoch 2518  K= 7  loss=4.59248e-04  v1=0.01196  v30=0.00467  (6.3s)
epoch 2519  K= 7  loss=4.57708e-04  v1=0.01407  v30=0.00438  (6.3s)
epoch 2520  K= 7  loss=4.59607e-04  v1=0.01225  v30=0.00353  (6.3s)
epoch 2521  K= 7  loss=4.58918e-04  v1=0.01234  v30=0.00382  (6.4s)
epoch 2522  K= 7  loss=4.58128e-04  v1=0.01212  v30=0.00338  (6.8s)
epoch 2523  K= 7  loss=4.61821e-04  v1=0.01222  v30=0.00453  (6.1s)
epoch 2524  K= 7  loss=4.57500e-04  v1=0.01243  v30=0.00454  (6.5s)
epoch 2525  K= 7  loss=4.59378e-04  v1=0.01292  v30=0.00387  (6.4s)
epoch 2526  K= 7  loss=4.58985e-04  v1=0.01055  v30=0.00550  (6.4s)
epoch 2527  K= 7  loss=4.57946e-04  v1=0.01409  v30=0.00745  (6.2s)
epoch 2528  K= 7  loss=4.59370e-04  v1=0.01342  v30=0.00422  (6.4s)
epoch 2529  K= 7  loss=4.60998e-04  v1=0.01351  v30=0.00504  (6.5s)
epoch 2530  K= 7  loss=4.57197e-04  v1=0.01216  v30=0.00409  (6.4s)
epoch 2531  K= 7  loss=4.60386e-04  v1=0.01200  v30=0.00437  (6.5s)
epoch 2532  K= 7  loss=4.61228e-04  v1=0.01105  v30=0.00447  (6.1s)
epoch 2533  K= 7  loss=4.61192e-04  v1=0.01361  v30=0.00376  (6.3s)
epoch 2534  K= 7  loss=4.60864e-04  v1=0.01369  v30=0.00370  (6.3s)
epoch 2535  K= 7  loss=4.60198e-04  v1=0.01124  v30=0.00372  (6.2s)
epoch 2536  K= 7  loss=4.57997e-04  v1=0.01272  v30=0.00360  (6.3s)
epoch 2537  K= 7  loss=4.60378e-04  v1=0.01338  v30=0.00576  (6.4s)
epoch 2538  K= 7  loss=4.58863e-04  v1=0.01365  v30=0.00473  (6.4s)
epoch 2539  K= 7  loss=4.60648e-04  v1=0.01277  v30=0.00503  (6.5s)
epoch 2540  K= 7  loss=4.58125e-04  v1=0.01507  v30=0.00387  (6.4s)
epoch 2541  K= 7  loss=4.58380e-04  v1=0.01613  v30=0.00352  (6.6s)
epoch 2542  K= 7  loss=4.62682e-04  v1=0.01257  v30=0.00336  (6.5s)
epoch 2543  K= 7  loss=4.62632e-04  v1=0.01147  v30=0.00380  (6.3s)
epoch 2544  K= 7  loss=4.61380e-04  v1=0.01419  v30=0.00338  (6.3s)
epoch 2545  K= 7  loss=4.59183e-04  v1=0.01287  v30=0.00501  (6.3s)
epoch 2546  K= 7  loss=4.62525e-04  v1=0.01410  v30=0.00384  (6.4s)
epoch 2547  K= 7  loss=4.59887e-04  v1=0.01392  v30=0.00412  (6.3s)
epoch 2548  K= 7  loss=4.59963e-04  v1=0.01446  v30=0.00382  (6.4s)
epoch 2549  K= 7  loss=4.60579e-04  v1=0.01358  v30=0.00439  (6.6s)
epoch 2550  K= 7  loss=4.59067e-04  v1=0.01189  v30=0.00384  (6.4s)
epoch 2551  K= 7  loss=4.60515e-04  v1=0.01365  v30=0.00342  (6.9s)
epoch 2552  K= 7  loss=4.58616e-04  v1=0.01120  v30=0.00616  (6.7s)
epoch 2553  K= 7  loss=4.61215e-04  v1=0.01279  v30=0.00609  (6.4s)
epoch 2554  K= 7  loss=4.60799e-04  v1=0.01272  v30=0.00375  (6.2s)
epoch 2555  K= 7  loss=4.60998e-04  v1=0.01220  v30=0.00365  (6.2s)
epoch 2556  K= 7  loss=4.60673e-04  v1=0.01181  v30=0.00442  (6.2s)
epoch 2557  K= 7  loss=4.59846e-04  v1=0.01352  v30=0.00305  (6.2s)
epoch 2558  K= 7  loss=4.59294e-04  v1=0.01061  v30=0.00346  (6.3s)
epoch 2559  K= 7  loss=4.62719e-04  v1=0.01413  v30=0.00358  (6.4s)
epoch 2560  K= 7  loss=4.59821e-04  v1=0.01206  v30=0.00428  (6.5s)
epoch 2561  K= 7  loss=4.58464e-04  v1=0.01155  v30=0.00395  (6.6s)
epoch 2562  K= 7  loss=4.59475e-04  v1=0.01174  v30=0.00844  (6.8s)
epoch 2563  K= 7  loss=4.56354e-04  v1=0.01400  v30=0.00487  (6.4s)
epoch 2564  K= 7  loss=4.59190e-04  v1=0.01391  v30=0.00469  (6.5s)
epoch 2565  K= 7  loss=4.59465e-04  v1=0.01104  v30=0.00547  (6.3s)
epoch 2566  K= 7  loss=4.61290e-04  v1=0.01278  v30=0.00483  (6.3s)
epoch 2567  K= 7  loss=4.61369e-04  v1=0.01331  v30=0.00324  (6.4s)
epoch 2568  K= 7  loss=4.60559e-04  v1=0.01334  v30=0.00397  (6.3s)
epoch 2569  K= 7  loss=4.58730e-04  v1=0.01273  v30=0.00377  (6.3s)
epoch 2570  K= 7  loss=4.59756e-04  v1=0.01559  v30=0.00718  (6.2s)
epoch 2571  K= 7  loss=4.59077e-04  v1=0.01337  v30=0.00361  (6.2s)
epoch 2572  K= 7  loss=4.60062e-04  v1=0.01222  v30=0.00345  (6.4s)
epoch 2573  K= 7  loss=4.60367e-04  v1=0.01339  v30=0.00445  (6.4s)
epoch 2574  K= 7  loss=4.59008e-04  v1=0.01236  v30=0.00382  (6.4s)
epoch 2575  K= 7  loss=4.58018e-04  v1=0.01309  v30=0.00511  (6.5s)
epoch 2576  K= 7  loss=4.60782e-04  v1=0.01414  v30=0.00442  (6.3s)
epoch 2577  K= 7  loss=4.58852e-04  v1=0.01339  v30=0.00373  (6.2s)
epoch 2578  K= 7  loss=4.62287e-04  v1=0.01277  v30=0.00377  (6.4s)
epoch 2579  K= 7  loss=4.60315e-04  v1=0.01253  v30=0.00345  (6.4s)
epoch 2580  K= 7  loss=4.57902e-04  v1=0.01152  v30=0.00383  (6.6s)
epoch 2581  K= 7  loss=4.61450e-04  v1=0.01170  v30=0.00422  (6.4s)
epoch 2582  K= 7  loss=4.58139e-04  v1=0.01042  v30=0.00367  (6.5s)
epoch 2583  K= 7  loss=4.59230e-04  v1=0.01527  v30=0.00611  (6.4s)
epoch 2584  K= 7  loss=4.59691e-04  v1=0.01169  v30=0.00581  (6.3s)
epoch 2585  K= 7  loss=4.58283e-04  v1=0.01209  v30=0.00450  (6.5s)
epoch 2586  K= 7  loss=4.59718e-04  v1=0.01093  v30=0.00318  (6.5s)
epoch 2587  K= 7  loss=4.57292e-04  v1=0.01425  v30=0.00316  (6.5s)
epoch 2588  K= 7  loss=4.64054e-04  v1=0.01219  v30=0.00329  (6.5s)
epoch 2589  K= 7  loss=4.58381e-04  v1=0.01249  v30=0.00349  (6.4s)
epoch 2590  K= 7  loss=4.59307e-04  v1=0.01294  v30=0.00516  (6.3s)
epoch 2591  K= 7  loss=4.59294e-04  v1=0.01523  v30=0.00583  (6.3s)
epoch 2592  K= 7  loss=4.58566e-04  v1=0.01451  v30=0.00582  (6.3s)
epoch 2593  K= 7  loss=4.59986e-04  v1=0.01192  v30=0.00341  (6.4s)
epoch 2594  K= 7  loss=4.57105e-04  v1=0.01432  v30=0.00395  (6.4s)
epoch 2595  K= 7  loss=4.62388e-04  v1=0.01180  v30=0.00364  (6.5s)
epoch 2596  K= 7  loss=4.60657e-04  v1=0.01184  v30=0.00549  (6.1s)
epoch 2597  K= 7  loss=4.62710e-04  v1=0.01227  v30=0.00556  (6.6s)
epoch 2598  K= 7  loss=4.58322e-04  v1=0.01431  v30=0.00551  (6.5s)
epoch 2599  K= 7  loss=4.58639e-04  v1=0.01211  v30=0.00450  (6.3s)
epoch 2600  K= 7  loss=4.59475e-04  v1=0.01403  v30=0.00386  (6.7s)
epoch 2601  K= 7  loss=4.59162e-04  v1=0.01219  v30=0.00456  (6.8s)
epoch 2602  K= 7  loss=4.59763e-04  v1=0.01213  v30=0.00441  (6.8s)
epoch 2603  K= 7  loss=4.56677e-04  v1=0.01376  v30=0.00396  (6.5s)
epoch 2604  K= 7  loss=4.61388e-04  v1=0.01512  v30=0.00403  (6.5s)
epoch 2605  K= 7  loss=4.59665e-04  v1=0.01164  v30=0.00471  (6.7s)
epoch 2606  K= 7  loss=4.59560e-04  v1=0.01202  v30=0.00393  (6.2s)
epoch 2607  K= 7  loss=4.58047e-04  v1=0.01414  v30=0.00394  (6.3s)
epoch 2608  K= 7  loss=4.60282e-04  v1=0.01266  v30=0.00486  (6.3s)
epoch 2609  K= 7  loss=4.59574e-04  v1=0.01332  v30=0.00349  (6.5s)
epoch 2610  K= 7  loss=4.58090e-04  v1=0.01582  v30=0.00515  (6.5s)
epoch 2611  K= 7  loss=4.60678e-04  v1=0.01467  v30=0.00445  (6.2s)
epoch 2612  K= 7  loss=4.62275e-04  v1=0.01399  v30=0.00339  (6.4s)
epoch 2613  K= 7  loss=4.58644e-04  v1=0.01037  v30=0.00356  (6.8s)
epoch 2614  K= 7  loss=4.58913e-04  v1=0.01317  v30=0.00716  (6.4s)
epoch 2615  K= 7  loss=4.61054e-04  v1=0.01347  v30=0.00297  (6.4s)
epoch 2616  K= 7  loss=4.61270e-04  v1=0.01298  v30=0.00389  (6.3s)
epoch 2617  K= 7  loss=4.57778e-04  v1=0.01444  v30=0.00401  (6.4s)
epoch 2618  K= 7  loss=4.59487e-04  v1=0.01158  v30=0.00410  (6.3s)
epoch 2619  K= 7  loss=4.60016e-04  v1=0.01181  v30=0.00358  (6.3s)
epoch 2620  K= 7  loss=4.61822e-04  v1=0.01482  v30=0.00425  (6.4s)
epoch 2621  K= 7  loss=4.58102e-04  v1=0.01193  v30=0.00390  (6.4s)
epoch 2622  K= 7  loss=4.59995e-04  v1=0.01375  v30=0.00382  (6.4s)
epoch 2623  K= 7  loss=4.60425e-04  v1=0.01175  v30=0.00411  (6.4s)
epoch 2624  K= 7  loss=4.59452e-04  v1=0.01476  v30=0.00429  (6.3s)
epoch 2625  K= 7  loss=4.59338e-04  v1=0.01194  v30=0.00374  (6.3s)
epoch 2626  K= 7  loss=4.59136e-04  v1=0.01483  v30=0.00338  (6.3s)
epoch 2627  K= 7  loss=4.60874e-04  v1=0.01163  v30=0.00406  (6.3s)
epoch 2628  K= 7  loss=4.59652e-04  v1=0.01480  v30=0.00360  (6.4s)
epoch 2629  K= 7  loss=4.59688e-04  v1=0.01286  v30=0.00401  (6.6s)
epoch 2630  K= 7  loss=4.60986e-04  v1=0.01240  v30=0.00476  (6.6s)
epoch 2631  K= 7  loss=4.61348e-04  v1=0.01403  v30=0.00361  (6.5s)
epoch 2632  K= 7  loss=4.58259e-04  v1=0.01341  v30=0.00370  (6.3s)
epoch 2633  K= 7  loss=4.61134e-04  v1=0.01541  v30=0.00462  (6.5s)
epoch 2634  K= 7  loss=4.58838e-04  v1=0.01271  v30=0.00380  (6.6s)
epoch 2635  K= 7  loss=4.59730e-04  v1=0.01546  v30=0.00471  (6.4s)
epoch 2636  K= 7  loss=4.58883e-04  v1=0.01512  v30=0.00405  (6.4s)
epoch 2637  K= 7  loss=4.60032e-04  v1=0.01190  v30=0.00433  (6.4s)
epoch 2638  K= 7  loss=4.61293e-04  v1=0.01353  v30=0.00354  (6.6s)
epoch 2639  K= 7  loss=4.60442e-04  v1=0.01306  v30=0.00924  (6.6s)
epoch 2640  K= 7  loss=4.59619e-04  v1=0.01287  v30=0.00324  (6.4s)
epoch 2641  K= 7  loss=4.59129e-04  v1=0.01366  v30=0.00614  (6.5s)
epoch 2642  K= 7  loss=4.58431e-04  v1=0.01089  v30=0.00499  (6.3s)
epoch 2643  K= 7  loss=4.60713e-04  v1=0.01210  v30=0.00416  (6.3s)
epoch 2644  K= 7  loss=4.60144e-04  v1=0.01154  v30=0.00464  (6.6s)
epoch 2645  K= 7  loss=4.58112e-04  v1=0.01410  v30=0.00354  (6.2s)
epoch 2646  K= 7  loss=4.59866e-04  v1=0.01254  v30=0.00473  (6.6s)
epoch 2647  K= 7  loss=4.60347e-04  v1=0.01289  v30=0.00521  (6.5s)
epoch 2648  K= 7  loss=4.61033e-04  v1=0.01385  v30=0.00396  (6.4s)
epoch 2649  K= 7  loss=4.59266e-04  v1=0.01293  v30=0.00312  (6.6s)
epoch 2650  K= 7  loss=4.58460e-04  v1=0.01599  v30=0.00424  (6.4s)
epoch 2651  K= 7  loss=4.61515e-04  v1=0.01342  v30=0.00316  (6.4s)
epoch 2652  K= 7  loss=4.55737e-04  v1=0.01451  v30=0.00411  (6.4s)
epoch 2653  K= 7  loss=4.61407e-04  v1=0.01188  v30=0.00323  (6.4s)
epoch 2654  K= 7  loss=4.60416e-04  v1=0.01007  v30=0.00321  (6.5s)
epoch 2655  K= 7  loss=4.60526e-04  v1=0.01286  v30=0.00518  (6.4s)
epoch 2656  K= 7  loss=4.57150e-04  v1=0.01211  v30=0.00316  (6.5s)
epoch 2657  K= 7  loss=4.60825e-04  v1=0.01427  v30=0.00327  (6.6s)
epoch 2658  K= 7  loss=4.58476e-04  v1=0.01323  v30=0.00702  (6.5s)
epoch 2659  K= 7  loss=4.60059e-04  v1=0.01310  v30=0.00358  (6.5s)
epoch 2660  K= 7  loss=4.58853e-04  v1=0.01262  v30=0.00887  (6.5s)
epoch 2661  K= 7  loss=4.59932e-04  v1=0.01453  v30=0.00662  (6.5s)
epoch 2662  K= 7  loss=4.59088e-04  v1=0.01287  v30=0.00389  (6.2s)
epoch 2663  K= 7  loss=4.60924e-04  v1=0.01442  v30=0.00338  (6.5s)
epoch 2664  K= 7  loss=4.61113e-04  v1=0.01366  v30=0.00685  (6.3s)
epoch 2665  K= 7  loss=4.61762e-04  v1=0.01254  v30=0.00448  (6.7s)
epoch 2666  K= 7  loss=4.60578e-04  v1=0.01177  v30=0.00396  (6.5s)
epoch 2667  K= 7  loss=4.59750e-04  v1=0.01324  v30=0.00339  (6.4s)
epoch 2668  K= 7  loss=4.58977e-04  v1=0.01158  v30=0.00547  (6.5s)
epoch 2669  K= 7  loss=4.58499e-04  v1=0.01097  v30=0.00458  (6.5s)
epoch 2670  K= 7  loss=4.61471e-04  v1=0.01132  v30=0.00373  (6.6s)
epoch 2671  K= 7  loss=4.57628e-04  v1=0.01348  v30=0.00417  (6.6s)
epoch 2672  K= 7  loss=4.58878e-04  v1=0.01360  v30=0.00451  (6.5s)
epoch 2673  K= 7  loss=4.59207e-04  v1=0.01245  v30=0.00330  (6.6s)
epoch 2674  K= 7  loss=4.58336e-04  v1=0.01310  v30=0.00374  (6.2s)
epoch 2675  K= 7  loss=4.58805e-04  v1=0.01111  v30=0.00419  (6.5s)
epoch 2676  K= 7  loss=4.58596e-04  v1=0.01342  v30=0.00421  (6.4s)
epoch 2677  K= 7  loss=4.61141e-04  v1=0.01429  v30=0.00446  (6.5s)
epoch 2678  K= 7  loss=4.61205e-04  v1=0.01526  v30=0.00557  (6.5s)
epoch 2679  K= 7  loss=4.59143e-04  v1=0.01536  v30=0.00459  (6.5s)
epoch 2680  K= 7  loss=4.58127e-04  v1=0.01324  v30=0.00445  (6.4s)
epoch 2681  K= 7  loss=4.62302e-04  v1=0.01202  v30=0.00477  (6.1s)
epoch 2682  K= 7  loss=4.60634e-04  v1=0.01568  v30=0.00361  (6.3s)
epoch 2683  K= 7  loss=4.62866e-04  v1=0.01255  v30=0.00392  (6.3s)
epoch 2684  K= 7  loss=4.60593e-04  v1=0.01376  v30=0.00787  (6.2s)
epoch 2685  K= 7  loss=4.58985e-04  v1=0.01335  v30=0.00345  (6.4s)
epoch 2686  K= 7  loss=4.60033e-04  v1=0.01069  v30=0.00363  (6.3s)
epoch 2687  K= 7  loss=4.59542e-04  v1=0.01442  v30=0.00388  (6.6s)
epoch 2688  K= 7  loss=4.61024e-04  v1=0.01390  v30=0.00337  (7.1s)
epoch 2689  K= 7  loss=4.61688e-04  v1=0.01104  v30=0.00551  (6.5s)
epoch 2690  K= 7  loss=4.60015e-04  v1=0.01199  v30=0.00428  (6.1s)
epoch 2691  K= 7  loss=4.58658e-04  v1=0.01078  v30=0.00325  (6.4s)
epoch 2692  K= 7  loss=4.58197e-04  v1=0.01557  v30=0.00419  (6.4s)
epoch 2693  K= 7  loss=4.60661e-04  v1=0.01286  v30=0.00340  (6.4s)
epoch 2694  K= 7  loss=4.58705e-04  v1=0.01490  v30=0.00480  (6.5s)
epoch 2695  K= 7  loss=4.60394e-04  v1=0.01212  v30=0.00356  (6.5s)
epoch 2696  K= 7  loss=4.58709e-04  v1=0.01429  v30=0.00751  (6.2s)
epoch 2697  K= 7  loss=4.57519e-04  v1=0.01355  v30=0.00541  (6.4s)
epoch 2698  K= 7  loss=4.58682e-04  v1=0.01377  v30=0.00331  (6.7s)
epoch 2699  K= 7  loss=4.58786e-04  v1=0.01391  v30=0.00395  (6.5s)
epoch 2700  K= 7  loss=4.60437e-04  v1=0.01344  v30=0.00444  (6.2s)
epoch 2701  K= 7  loss=4.60386e-04  v1=0.01442  v30=0.00393  (6.3s)
epoch 2702  K= 7  loss=4.59107e-04  v1=0.01197  v30=0.00523  (6.3s)
epoch 2703  K= 7  loss=4.59942e-04  v1=0.01494  v30=0.00379  (6.5s)
epoch 2704  K= 7  loss=4.58726e-04  v1=0.01533  v30=0.00375  (6.7s)
epoch 2705  K= 7  loss=4.59069e-04  v1=0.01131  v30=0.00632  (6.5s)
epoch 2706  K= 7  loss=4.60069e-04  v1=0.01278  v30=0.00388  (6.3s)
epoch 2707  K= 7  loss=4.55805e-04  v1=0.01099  v30=0.00663  (6.9s)
epoch 2708  K= 7  loss=4.59323e-04  v1=0.01308  v30=0.00535  (6.7s)
epoch 2709  K= 7  loss=4.60120e-04  v1=0.01434  v30=0.00354  (6.4s)
epoch 2710  K= 7  loss=4.58076e-04  v1=0.01092  v30=0.00339  (6.7s)
epoch 2711  K= 7  loss=4.59599e-04  v1=0.01225  v30=0.00386  (6.4s)
epoch 2712  K= 7  loss=4.58863e-04  v1=0.01146  v30=0.00322  (6.6s)
epoch 2713  K= 7  loss=4.59750e-04  v1=0.01184  v30=0.00386  (6.3s)
epoch 2714  K= 7  loss=4.58241e-04  v1=0.01081  v30=0.00723  (6.3s)
epoch 2715  K= 7  loss=4.61392e-04  v1=0.01042  v30=0.00331  (6.3s)
epoch 2716  K= 7  loss=4.59884e-04  v1=0.01339  v30=0.00379  (6.3s)
epoch 2717  K= 7  loss=4.57576e-04  v1=0.01550  v30=0.00616  (6.2s)
epoch 2718  K= 7  loss=4.58163e-04  v1=0.01483  v30=0.00328  (6.8s)
epoch 2719  K= 7  loss=4.60273e-04  v1=0.01204  v30=0.00548  (6.6s)
epoch 2720  K= 7  loss=4.59339e-04  v1=0.01239  v30=0.00386  (6.8s)
epoch 2721  K= 7  loss=4.59561e-04  v1=0.01259  v30=0.00451  (6.8s)
epoch 2722  K= 7  loss=4.60285e-04  v1=0.01209  v30=0.00324  (6.6s)
epoch 2723  K= 7  loss=4.58556e-04  v1=0.01264  v30=0.00426  (6.5s)
epoch 2724  K= 7  loss=4.59259e-04  v1=0.01581  v30=0.00354  (6.7s)
epoch 2725  K= 7  loss=4.58540e-04  v1=0.01275  v30=0.00469  (6.5s)
epoch 2726  K= 7  loss=4.58700e-04  v1=0.01306  v30=0.00440  (6.3s)
epoch 2727  K= 7  loss=4.58747e-04  v1=0.01099  v30=0.00432  (6.2s)
epoch 2728  K= 7  loss=4.60428e-04  v1=0.01160  v30=0.00595  (6.4s)
epoch 2729  K= 7  loss=4.60794e-04  v1=0.01451  v30=0.00616  (6.3s)
epoch 2730  K= 7  loss=4.60743e-04  v1=0.01168  v30=0.00537  (6.6s)
epoch 2731  K= 7  loss=4.63265e-04  v1=0.01288  v30=0.00808  (6.4s)
epoch 2732  K= 7  loss=4.58522e-04  v1=0.01553  v30=0.00607  (6.3s)
epoch 2733  K= 7  loss=4.58846e-04  v1=0.01341  v30=0.00342  (6.2s)
epoch 2734  K= 7  loss=4.59819e-04  v1=0.01297  v30=0.00384  (6.3s)
epoch 2735  K= 7  loss=4.60055e-04  v1=0.01519  v30=0.00389  (6.3s)
epoch 2736  K= 7  loss=4.58584e-04  v1=0.01355  v30=0.00491  (6.4s)
epoch 2737  K= 7  loss=4.57614e-04  v1=0.01090  v30=0.00349  (6.4s)
epoch 2738  K= 7  loss=4.59021e-04  v1=0.01345  v30=0.00472  (6.3s)
epoch 2739  K= 7  loss=4.58927e-04  v1=0.01388  v30=0.00421  (6.5s)
epoch 2740  K= 7  loss=4.57654e-04  v1=0.01253  v30=0.00420  (6.5s)
epoch 2741  K= 7  loss=4.59236e-04  v1=0.01624  v30=0.00405  (6.6s)
epoch 2742  K= 7  loss=4.58511e-04  v1=0.01057  v30=0.00396  (6.5s)
epoch 2743  K= 7  loss=4.60199e-04  v1=0.01309  v30=0.00510  (6.2s)
epoch 2744  K= 7  loss=4.58999e-04  v1=0.01251  v30=0.00447  (6.5s)
epoch 2745  K= 7  loss=4.60119e-04  v1=0.01209  v30=0.00337  (6.4s)
epoch 2746  K= 7  loss=4.59924e-04  v1=0.01249  v30=0.00464  (6.3s)
epoch 2747  K= 7  loss=4.59917e-04  v1=0.01531  v30=0.00362  (6.3s)
epoch 2748  K= 7  loss=4.60259e-04  v1=0.01288  v30=0.00409  (6.1s)
epoch 2749  K= 7  loss=4.59087e-04  v1=0.01311  v30=0.00380  (6.4s)
epoch 2750  K= 7  loss=4.58911e-04  v1=0.01006  v30=0.00464  (6.3s)
epoch 2751  K= 7  loss=4.59471e-04  v1=0.01376  v30=0.00429  (6.5s)
epoch 2752  K= 7  loss=4.60110e-04  v1=0.01233  v30=0.00359  (6.7s)
epoch 2753  K= 7  loss=4.60874e-04  v1=0.01555  v30=0.00381  (6.3s)
epoch 2754  K= 7  loss=4.60095e-04  v1=0.01372  v30=0.00343  (6.4s)
epoch 2755  K= 7  loss=4.59947e-04  v1=0.01545  v30=0.00390  (6.5s)
epoch 2756  K= 7  loss=4.58050e-04  v1=0.01418  v30=0.00403  (6.3s)
epoch 2757  K= 7  loss=4.57498e-04  v1=0.01245  v30=0.00312  (6.2s)
epoch 2758  K= 7  loss=4.59425e-04  v1=0.01416  v30=0.00555  (6.5s)
epoch 2759  K= 7  loss=4.55433e-04  v1=0.01265  v30=0.00431  (6.4s)
epoch 2760  K= 7  loss=4.59589e-04  v1=0.01094  v30=0.00544  (6.2s)
epoch 2761  K= 7  loss=4.56563e-04  v1=0.01466  v30=0.00343  (6.3s)
epoch 2762  K= 7  loss=4.57989e-04  v1=0.01454  v30=0.00588  (6.5s)
epoch 2763  K= 7  loss=4.58766e-04  v1=0.01079  v30=0.00486  (6.3s)
epoch 2764  K= 7  loss=4.60073e-04  v1=0.01301  v30=0.00402  (6.2s)
epoch 2765  K= 7  loss=4.57734e-04  v1=0.01150  v30=0.00451  (6.3s)
epoch 2766  K= 7  loss=4.59913e-04  v1=0.01073  v30=0.00417  (6.4s)
epoch 2767  K= 7  loss=4.59526e-04  v1=0.01381  v30=0.00313  (6.5s)
epoch 2768  K= 7  loss=4.57876e-04  v1=0.01400  v30=0.00548  (7.1s)
epoch 2769  K= 7  loss=4.57330e-04  v1=0.01177  v30=0.00338  (6.6s)
epoch 2770  K= 7  loss=4.59645e-04  v1=0.01184  v30=0.00404  (6.4s)
epoch 2771  K= 7  loss=4.59037e-04  v1=0.01425  v30=0.00473  (6.3s)
epoch 2772  K= 7  loss=4.57905e-04  v1=0.01306  v30=0.00803  (6.2s)
epoch 2773  K= 7  loss=4.62298e-04  v1=0.01514  v30=0.00386  (6.4s)
epoch 2774  K= 7  loss=4.58851e-04  v1=0.01134  v30=0.00637  (6.4s)
epoch 2775  K= 7  loss=4.59183e-04  v1=0.01378  v30=0.00339  (6.4s)
epoch 2776  K= 7  loss=4.58944e-04  v1=0.01252  v30=0.00496  (6.2s)
epoch 2777  K= 7  loss=4.57929e-04  v1=0.01443  v30=0.00327  (6.4s)
epoch 2778  K= 7  loss=4.60369e-04  v1=0.01022  v30=0.00453  (6.5s)
epoch 2779  K= 7  loss=4.60309e-04  v1=0.01420  v30=0.00388  (6.8s)
epoch 2780  K= 7  loss=4.58223e-04  v1=0.01403  v30=0.00525  (6.3s)
epoch 2781  K= 7  loss=4.60349e-04  v1=0.01314  v30=0.00424  (6.6s)
epoch 2782  K= 7  loss=4.57641e-04  v1=0.01527  v30=0.00462  (6.6s)
epoch 2783  K= 7  loss=4.59331e-04  v1=0.01108  v30=0.00630  (6.6s)
epoch 2784  K= 7  loss=4.59133e-04  v1=0.01177  v30=0.00299  (6.6s)
epoch 2785  K= 7  loss=4.59601e-04  v1=0.01557  v30=0.00509  (6.2s)
epoch 2786  K= 7  loss=4.59285e-04  v1=0.01170  v30=0.00691  (6.3s)
epoch 2787  K= 7  loss=4.62685e-04  v1=0.01142  v30=0.00344  (6.1s)
epoch 2788  K= 7  loss=4.60019e-04  v1=0.01060  v30=0.00393  (6.2s)
epoch 2789  K= 7  loss=4.58905e-04  v1=0.01295  v30=0.00663  (6.4s)
epoch 2790  K= 7  loss=4.59689e-04  v1=0.01188  v30=0.00370  (6.2s)
epoch 2791  K= 7  loss=4.58401e-04  v1=0.01159  v30=0.00397  (6.1s)
epoch 2792  K= 7  loss=4.59660e-04  v1=0.01291  v30=0.00649  (6.3s)
epoch 2793  K= 7  loss=4.58670e-04  v1=0.01276  v30=0.00328  (6.4s)
epoch 2794  K= 7  loss=4.60939e-04  v1=0.01201  v30=0.00408  (6.4s)
epoch 2795  K= 7  loss=4.58356e-04  v1=0.01409  v30=0.00356  (6.5s)
epoch 2796  K= 7  loss=4.58744e-04  v1=0.01154  v30=0.00530  (6.9s)
epoch 2797  K= 7  loss=4.59475e-04  v1=0.01153  v30=0.00872  (6.3s)
epoch 2798  K= 7  loss=4.61433e-04  v1=0.01327  v30=0.00464  (6.3s)
epoch 2799  K= 7  loss=4.56973e-04  v1=0.01340  v30=0.00472  (6.5s)
epoch 2800  K= 7  loss=4.57295e-04  v1=0.01346  v30=0.00354  (6.3s)
epoch 2801  K= 7  loss=4.60328e-04  v1=0.01329  v30=0.00542  (6.4s)
epoch 2802  K= 7  loss=4.56301e-04  v1=0.01048  v30=0.00364  (6.5s)
epoch 2803  K= 7  loss=4.58909e-04  v1=0.01275  v30=0.00324  (6.9s)
epoch 2804  K= 7  loss=4.60210e-04  v1=0.01313  v30=0.00411  (6.2s)
epoch 2805  K= 7  loss=4.60675e-04  v1=0.01266  v30=0.00494  (6.4s)
epoch 2806  K= 7  loss=4.57955e-04  v1=0.01399  v30=0.00386  (6.6s)
epoch 2807  K= 7  loss=4.58811e-04  v1=0.01249  v30=0.00329  (6.4s)
epoch 2808  K= 7  loss=4.60661e-04  v1=0.01193  v30=0.00423  (6.2s)
epoch 2809  K= 7  loss=4.57927e-04  v1=0.01488  v30=0.00394  (6.2s)
epoch 2810  K= 7  loss=4.56988e-04  v1=0.01438  v30=0.00447  (6.5s)
epoch 2811  K= 7  loss=4.61584e-04  v1=0.01279  v30=0.00341  (6.5s)
epoch 2812  K= 7  loss=4.60248e-04  v1=0.01185  v30=0.00351  (6.2s)
epoch 2813  K= 7  loss=4.59522e-04  v1=0.01197  v30=0.00344  (6.2s)
epoch 2814  K= 7  loss=4.57458e-04  v1=0.01424  v30=0.00562  (6.3s)
epoch 2815  K= 7  loss=4.59403e-04  v1=0.01195  v30=0.00349  (6.4s)
epoch 2816  K= 7  loss=4.60561e-04  v1=0.01329  v30=0.00604  (6.5s)
epoch 2817  K= 7  loss=4.58919e-04  v1=0.01373  v30=0.00367  (6.2s)
epoch 2818  K= 7  loss=4.62205e-04  v1=0.01195  v30=0.00332  (6.3s)
epoch 2819  K= 7  loss=4.58392e-04  v1=0.01231  v30=0.00341  (6.7s)
epoch 2820  K= 7  loss=4.60768e-04  v1=0.01199  v30=0.00958  (6.2s)
epoch 2821  K= 7  loss=4.58766e-04  v1=0.00908  v30=0.00515  (6.4s)
epoch 2822  K= 7  loss=4.59435e-04  v1=0.01552  v30=0.00536  (6.4s)
epoch 2823  K= 7  loss=4.58498e-04  v1=0.01274  v30=0.00545  (6.8s)
epoch 2824  K= 7  loss=4.56026e-04  v1=0.01383  v30=0.00432  (6.3s)
epoch 2825  K= 7  loss=4.59901e-04  v1=0.01119  v30=0.00436  (6.3s)
epoch 2826  K= 7  loss=4.57946e-04  v1=0.01430  v30=0.00548  (6.5s)
epoch 2827  K= 7  loss=4.59172e-04  v1=0.01229  v30=0.00499  (6.5s)
epoch 2828  K= 7  loss=4.57669e-04  v1=0.01227  v30=0.00370  (6.2s)
epoch 2829  K= 7  loss=4.58492e-04  v1=0.01231  v30=0.00469  (6.3s)
epoch 2830  K= 7  loss=4.59669e-04  v1=0.01451  v30=0.00580  (6.3s)
epoch 2831  K= 7  loss=4.59080e-04  v1=0.01445  v30=0.00536  (6.6s)
epoch 2832  K= 7  loss=4.59854e-04  v1=0.01265  v30=0.00422  (6.4s)
epoch 2833  K= 7  loss=4.57774e-04  v1=0.01190  v30=0.00575  (6.3s)
epoch 2834  K= 7  loss=4.60517e-04  v1=0.01225  v30=0.00480  (6.9s)
epoch 2835  K= 7  loss=4.59507e-04  v1=0.01553  v30=0.00621  (6.4s)
epoch 2836  K= 7  loss=4.59037e-04  v1=0.01329  v30=0.00335  (6.1s)
epoch 2837  K= 7  loss=4.58193e-04  v1=0.01588  v30=0.00341  (6.4s)
epoch 2838  K= 7  loss=4.59131e-04  v1=0.01337  v30=0.00361  (6.7s)
epoch 2839  K= 7  loss=4.56803e-04  v1=0.01250  v30=0.00476  (6.3s)
epoch 2840  K= 7  loss=4.59457e-04  v1=0.01036  v30=0.00619  (6.2s)
epoch 2841  K= 7  loss=4.60112e-04  v1=0.01271  v30=0.00517  (6.3s)
epoch 2842  K= 7  loss=4.59820e-04  v1=0.01490  v30=0.00473  (6.3s)
epoch 2843  K= 7  loss=4.60609e-04  v1=0.01036  v30=0.00505  (6.3s)
epoch 2844  K= 7  loss=4.59787e-04  v1=0.01273  v30=0.00349  (6.2s)
epoch 2845  K= 7  loss=4.60538e-04  v1=0.01194  v30=0.00359  (6.2s)
epoch 2846  K= 7  loss=4.60096e-04  v1=0.01159  v30=0.00363  (6.2s)
epoch 2847  K= 7  loss=4.60069e-04  v1=0.01280  v30=0.00344  (6.5s)
epoch 2848  K= 7  loss=4.57955e-04  v1=0.01032  v30=0.00334  (6.4s)
epoch 2849  K= 7  loss=4.60263e-04  v1=0.01447  v30=0.00521  (6.5s)
epoch 2850  K= 7  loss=4.56903e-04  v1=0.01430  v30=0.00569  (6.5s)
epoch 2851  K= 7  loss=4.58526e-04  v1=0.01265  v30=0.00338  (6.3s)
epoch 2852  K= 7  loss=4.61911e-04  v1=0.01223  v30=0.00358  (6.5s)
epoch 2853  K= 7  loss=4.60829e-04  v1=0.01450  v30=0.00477  (6.5s)
epoch 2854  K= 7  loss=4.59653e-04  v1=0.01333  v30=0.00400  (6.4s)
epoch 2855  K= 7  loss=4.58995e-04  v1=0.01296  v30=0.00485  (6.4s)
epoch 2856  K= 7  loss=4.58895e-04  v1=0.01570  v30=0.00380  (6.5s)
epoch 2857  K= 7  loss=4.57339e-04  v1=0.01527  v30=0.00529  (6.7s)
epoch 2858  K= 7  loss=4.57801e-04  v1=0.01207  v30=0.00343  (6.8s)
epoch 2859  K= 7  loss=4.61778e-04  v1=0.01130  v30=0.00707  (6.7s)
epoch 2860  K= 7  loss=4.55869e-04  v1=0.01222  v30=0.00560  (6.6s)
epoch 2861  K= 7  loss=4.61395e-04  v1=0.01229  v30=0.00387  (6.2s)
epoch 2862  K= 7  loss=4.60190e-04  v1=0.01569  v30=0.00422  (6.3s)
epoch 2863  K= 7  loss=4.59483e-04  v1=0.01186  v30=0.00406  (6.4s)
epoch 2864  K= 7  loss=4.58556e-04  v1=0.01464  v30=0.00389  (6.4s)
epoch 2865  K= 7  loss=4.58991e-04  v1=0.01051  v30=0.00470  (6.3s)
epoch 2866  K= 7  loss=4.60613e-04  v1=0.01444  v30=0.00520  (6.3s)
epoch 2867  K= 7  loss=4.60139e-04  v1=0.01550  v30=0.00521  (6.5s)
epoch 2868  K= 7  loss=4.56541e-04  v1=0.01231  v30=0.00480  (6.5s)
epoch 2869  K= 7  loss=4.57119e-04  v1=0.01487  v30=0.00317  (6.4s)
epoch 2870  K= 7  loss=4.58503e-04  v1=0.01331  v30=0.00355  (6.4s)
epoch 2871  K= 7  loss=4.61498e-04  v1=0.01371  v30=0.00379  (6.2s)
epoch 2872  K= 7  loss=4.58951e-04  v1=0.01408  v30=0.00593  (6.4s)
epoch 2873  K= 7  loss=4.62745e-04  v1=0.01385  v30=0.00434  (6.2s)
epoch 2874  K= 7  loss=4.60138e-04  v1=0.01088  v30=0.00626  (6.3s)
epoch 2875  K= 7  loss=4.61748e-04  v1=0.01208  v30=0.00304  (6.3s)
epoch 2876  K= 7  loss=4.58231e-04  v1=0.01373  v30=0.00460  (6.5s)
epoch 2877  K= 7  loss=4.57880e-04  v1=0.01228  v30=0.00455  (6.3s)
epoch 2878  K= 7  loss=4.59224e-04  v1=0.01133  v30=0.00358  (6.4s)
epoch 2879  K= 7  loss=4.59781e-04  v1=0.00997  v30=0.00470  (6.6s)
epoch 2880  K= 7  loss=4.60006e-04  v1=0.01331  v30=0.00507  (6.2s)
epoch 2881  K= 7  loss=4.59874e-04  v1=0.01153  v30=0.00320  (6.2s)
epoch 2882  K= 7  loss=4.59719e-04  v1=0.01173  v30=0.00709  (6.3s)
epoch 2883  K= 7  loss=4.59098e-04  v1=0.01550  v30=0.00460  (6.1s)
epoch 2884  K= 7  loss=4.60119e-04  v1=0.01329  v30=0.00326  (6.6s)
epoch 2885  K= 7  loss=4.56666e-04  v1=0.01198  v30=0.00382  (6.3s)
epoch 2886  K= 7  loss=4.60473e-04  v1=0.01302  v30=0.00403  (6.6s)
epoch 2887  K= 7  loss=4.57839e-04  v1=0.01319  v30=0.00356  (6.3s)
epoch 2888  K= 7  loss=4.58836e-04  v1=0.01335  v30=0.00374  (6.7s)
epoch 2889  K= 7  loss=4.59981e-04  v1=0.01335  v30=0.00794  (6.7s)
epoch 2890  K= 7  loss=4.58997e-04  v1=0.01498  v30=0.00402  (6.4s)
epoch 2891  K= 7  loss=4.57500e-04  v1=0.01368  v30=0.00345  (6.5s)
epoch 2892  K= 7  loss=4.58615e-04  v1=0.01481  v30=0.00354  (6.5s)
epoch 2893  K= 7  loss=4.60101e-04  v1=0.01438  v30=0.00305  (6.5s)
epoch 2894  K= 7  loss=4.57955e-04  v1=0.01156  v30=0.00511  (6.4s)
epoch 2895  K= 7  loss=4.59631e-04  v1=0.01209  v30=0.00368  (6.4s)
epoch 2896  K= 7  loss=4.60465e-04  v1=0.01196  v30=0.00415  (6.3s)
epoch 2897  K= 7  loss=4.59477e-04  v1=0.01133  v30=0.00489  (6.4s)
epoch 2898  K= 7  loss=4.58191e-04  v1=0.01486  v30=0.00453  (6.5s)
epoch 2899  K= 7  loss=4.60427e-04  v1=0.01497  v30=0.00319  (6.6s)
epoch 2900  K= 7  loss=4.58996e-04  v1=0.01231  v30=0.00537  (6.7s)
epoch 2901  K= 7  loss=4.60396e-04  v1=0.01413  v30=0.00422  (6.3s)
epoch 2902  K= 7  loss=4.60943e-04  v1=0.01152  v30=0.00384  (6.2s)
epoch 2903  K= 7  loss=4.61237e-04  v1=0.01534  v30=0.00361  (6.4s)
epoch 2904  K= 7  loss=4.58396e-04  v1=0.01198  v30=0.00435  (6.7s)
epoch 2905  K= 7  loss=4.59231e-04  v1=0.01290  v30=0.00367  (6.5s)
epoch 2906  K= 7  loss=4.58701e-04  v1=0.01410  v30=0.00480  (6.4s)
epoch 2907  K= 7  loss=4.59189e-04  v1=0.01436  v30=0.00413  (6.3s)
epoch 2908  K= 7  loss=4.62298e-04  v1=0.01167  v30=0.00550  (6.6s)
epoch 2909  K= 7  loss=4.59102e-04  v1=0.01165  v30=0.00293  (6.7s)
epoch 2910  K= 7  loss=4.59241e-04  v1=0.01382  v30=0.00424  (6.4s)
epoch 2911  K= 7  loss=4.59340e-04  v1=0.01332  v30=0.00440  (6.2s)
epoch 2912  K= 7  loss=4.59075e-04  v1=0.01380  v30=0.00342  (6.5s)
epoch 2913  K= 7  loss=4.60088e-04  v1=0.01568  v30=0.00384  (6.4s)
epoch 2914  K= 7  loss=4.58850e-04  v1=0.01397  v30=0.00497  (6.4s)
epoch 2915  K= 7  loss=4.59768e-04  v1=0.01187  v30=0.00527  (6.4s)
epoch 2916  K= 7  loss=4.58457e-04  v1=0.01345  v30=0.00326  (6.0s)
epoch 2917  K= 7  loss=4.60072e-04  v1=0.01208  v30=0.00326  (6.4s)
epoch 2918  K= 7  loss=4.60237e-04  v1=0.01444  v30=0.00388  (6.2s)
epoch 2919  K= 7  loss=4.61025e-04  v1=0.01339  v30=0.00328  (6.3s)
epoch 2920  K= 7  loss=4.59266e-04  v1=0.01472  v30=0.00369  (6.6s)
epoch 2921  K= 7  loss=4.58626e-04  v1=0.01127  v30=0.00399  (6.4s)
epoch 2922  K= 7  loss=4.58575e-04  v1=0.01237  v30=0.00368  (6.4s)
epoch 2923  K= 7  loss=4.59076e-04  v1=0.01594  v30=0.00402  (6.4s)
epoch 2924  K= 7  loss=4.57752e-04  v1=0.01214  v30=0.00996  (6.5s)
epoch 2925  K= 7  loss=4.59817e-04  v1=0.01556  v30=0.00487  (7.0s)
epoch 2926  K= 7  loss=4.61544e-04  v1=0.01494  v30=0.00532  (6.6s)
epoch 2927  K= 7  loss=4.59925e-04  v1=0.01403  v30=0.00662  (6.4s)
epoch 2928  K= 7  loss=4.58758e-04  v1=0.01271  v30=0.00360  (6.3s)
epoch 2929  K= 7  loss=4.58693e-04  v1=0.01180  v30=0.00437  (6.3s)
epoch 2930  K= 7  loss=4.61450e-04  v1=0.01178  v30=0.00303  (6.3s)
epoch 2931  K= 7  loss=4.59621e-04  v1=0.01517  v30=0.00310  (6.4s)
epoch 2932  K= 7  loss=4.57745e-04  v1=0.01469  v30=0.00271  (6.4s)
epoch 2933  K= 7  loss=4.58297e-04  v1=0.01413  v30=0.00548  (6.2s)
epoch 2934  K= 7  loss=4.61815e-04  v1=0.01209  v30=0.00627  (6.4s)
epoch 2935  K= 7  loss=4.60440e-04  v1=0.01010  v30=0.00358  (6.5s)
epoch 2936  K= 7  loss=4.59774e-04  v1=0.01275  v30=0.00449  (6.3s)
epoch 2937  K= 7  loss=4.59864e-04  v1=0.01395  v30=0.00431  (6.3s)
epoch 2938  K= 7  loss=4.59821e-04  v1=0.01404  v30=0.00447  (6.1s)
epoch 2939  K= 7  loss=4.59412e-04  v1=0.01534  v30=0.00312  (6.5s)
epoch 2940  K= 7  loss=4.59075e-04  v1=0.01179  v30=0.00497  (6.8s)
epoch 2941  K= 7  loss=4.58207e-04  v1=0.01501  v30=0.00358  (6.6s)
epoch 2942  K= 7  loss=4.61270e-04  v1=0.01340  v30=0.00370  (6.6s)
epoch 2943  K= 7  loss=4.59975e-04  v1=0.01316  v30=0.00335  (6.2s)
epoch 2944  K= 7  loss=4.58807e-04  v1=0.01551  v30=0.00356  (6.4s)
epoch 2945  K= 7  loss=4.59856e-04  v1=0.01326  v30=0.00659  (6.4s)
epoch 2946  K= 7  loss=4.58674e-04  v1=0.01326  v30=0.00332  (6.5s)
epoch 2947  K= 7  loss=4.59886e-04  v1=0.01005  v30=0.00344  (6.6s)
epoch 2948  K= 7  loss=4.58380e-04  v1=0.01448  v30=0.00375  (6.2s)
epoch 2949  K= 7  loss=4.60570e-04  v1=0.01350  v30=0.00341  (6.4s)
epoch 2950  K= 7  loss=4.58926e-04  v1=0.01248  v30=0.00363  (6.4s)
epoch 2951  K= 7  loss=4.63757e-04  v1=0.01298  v30=0.00330  (6.5s)
epoch 2952  K= 7  loss=4.61107e-04  v1=0.01499  v30=0.00608  (6.5s)
epoch 2953  K= 7  loss=4.58536e-04  v1=0.01467  v30=0.00454  (6.4s)
epoch 2954  K= 7  loss=4.60407e-04  v1=0.01335  v30=0.00452  (6.3s)
epoch 2955  K= 7  loss=4.58440e-04  v1=0.01130  v30=0.00321  (6.4s)
epoch 2956  K= 7  loss=4.58931e-04  v1=0.01263  v30=0.00576  (6.4s)
epoch 2957  K= 7  loss=4.62605e-04  v1=0.01225  v30=0.00376  (6.4s)
epoch 2958  K= 7  loss=4.58418e-04  v1=0.01354  v30=0.00349  (6.3s)
epoch 2959  K= 7  loss=4.59300e-04  v1=0.01261  v30=0.00513  (6.1s)
epoch 2960  K= 7  loss=4.59656e-04  v1=0.01213  v30=0.00438  (6.4s)
epoch 2961  K= 7  loss=4.60372e-04  v1=0.01174  v30=0.00372  (6.3s)
epoch 2962  K= 7  loss=4.58710e-04  v1=0.01259  v30=0.00419  (6.3s)
epoch 2963  K= 7  loss=4.60379e-04  v1=0.01463  v30=0.00453  (6.6s)
epoch 2964  K= 7  loss=4.59827e-04  v1=0.01316  v30=0.00568  (6.3s)
epoch 2965  K= 7  loss=4.60470e-04  v1=0.01314  v30=0.00856  (6.6s)
epoch 2966  K= 7  loss=4.59971e-04  v1=0.01204  v30=0.00453  (6.9s)
epoch 2967  K= 7  loss=4.60383e-04  v1=0.01524  v30=0.00358  (7.0s)
epoch 2968  K= 7  loss=4.57259e-04  v1=0.01366  v30=0.00371  (6.3s)
epoch 2969  K= 7  loss=4.59266e-04  v1=0.01192  v30=0.00705  (6.4s)
epoch 2970  K= 7  loss=4.60432e-04  v1=0.01414  v30=0.00397  (6.3s)
epoch 2971  K= 7  loss=4.60538e-04  v1=0.01492  v30=0.00347  (6.4s)
epoch 2972  K= 7  loss=4.58500e-04  v1=0.01404  v30=0.00398  (6.3s)
epoch 2973  K= 7  loss=4.58361e-04  v1=0.01411  v30=0.00363  (6.4s)
epoch 2974  K= 7  loss=4.59193e-04  v1=0.01161  v30=0.00469  (6.7s)
epoch 2975  K= 7  loss=4.59345e-04  v1=0.01264  v30=0.00540  (6.6s)
epoch 2976  K= 7  loss=4.62845e-04  v1=0.01445  v30=0.00344  (6.5s)
epoch 2977  K= 7  loss=4.59834e-04  v1=0.01224  v30=0.00475  (6.7s)
epoch 2978  K= 7  loss=4.57376e-04  v1=0.01400  v30=0.00388  (6.4s)
epoch 2979  K= 7  loss=4.58427e-04  v1=0.01397  v30=0.00485  (6.6s)
epoch 2980  K= 7  loss=4.60187e-04  v1=0.01246  v30=0.00402  (6.4s)
epoch 2981  K= 7  loss=4.60906e-04  v1=0.01252  v30=0.00391  (6.2s)
epoch 2982  K= 7  loss=4.61037e-04  v1=0.01219  v30=0.00442  (6.5s)
epoch 2983  K= 7  loss=4.60058e-04  v1=0.01234  v30=0.00662  (6.5s)
epoch 2984  K= 7  loss=4.59002e-04  v1=0.01495  v30=0.00396  (6.3s)
epoch 2985  K= 7  loss=4.59431e-04  v1=0.01181  v30=0.00341  (6.6s)
epoch 2986  K= 7  loss=4.59073e-04  v1=0.01529  v30=0.00477  (6.4s)
epoch 2987  K= 7  loss=4.60231e-04  v1=0.01157  v30=0.00726  (6.5s)
epoch 2988  K= 7  loss=4.57647e-04  v1=0.01209  v30=0.00551  (6.5s)
epoch 2989  K= 7  loss=4.61728e-04  v1=0.01522  v30=0.00390  (6.3s)
epoch 2990  K= 7  loss=4.61338e-04  v1=0.01434  v30=0.00325  (6.3s)
epoch 2991  K= 7  loss=4.59136e-04  v1=0.01204  v30=0.00427  (6.4s)
epoch 2992  K= 7  loss=4.59030e-04  v1=0.01308  v30=0.00477  (6.3s)
epoch 2993  K= 7  loss=4.58814e-04  v1=0.01322  v30=0.00412  (6.5s)
epoch 2994  K= 7  loss=4.61704e-04  v1=0.01265  v30=0.00344  (6.2s)
epoch 2995  K= 7  loss=4.61047e-04  v1=0.01400  v30=0.00409  (6.9s)
epoch 2996  K= 7  loss=4.61902e-04  v1=0.01273  v30=0.00514  (6.2s)
epoch 2997  K= 7  loss=4.59921e-04  v1=0.01351  v30=0.00457  (6.4s)
epoch 2998  K= 7  loss=4.60676e-04  v1=0.01282  v30=0.00569  (6.3s)
epoch 2999  K= 7  loss=4.64753e-04  v1=0.01182  v30=0.00461  (6.4s)
saved -> /home/zhangcheng/CrossForcing/data/cache/model_delta_era5.pt
